player_id,player,ultimo_equipo,ultimo_team_id,posiciones,partidos_jugados
3023,Yuri Berchiche Izeta,Real Sociedad,210,['Left Back'],21
3063,Danilo Luiz da Silva,Real Madrid,220,"['Right Back', 'Left Back', 'Right Wing']",24
3084,Christian Atsu Twasam,Málaga,223,"['Left Midfield', 'Right Midfield', 'Left Center Forward', 'Left Center Back']",11
3130,Gaël Kakuta,Sevilla,213,"['Left Midfield', 'Right Wing']",2
3160,Rene Krhin,Granada,1049,"['Right Defensive Midfield', 'Left Defensive Midfield', 'Center Defensive Midfield', 'Right Center Midfield']",23
3236,Sergi Darder Moll,Málaga,223,['Left Defensive Midfield'],1
3240,Mathew Ryan,Valencia,207,['Goalkeeper'],8
3253,Adil Rami,Sevilla,213,"['Right Center Back', 'Left Center Back', 'Center Attacking Midfield']",28
3292,Abdoulaye Doucouré,Granada,1049,"['Left Center Midfield', 'Left Defensive Midfield', 'Center Defensive Midfield', 'Right Defensive Midfield', 'Right Midfield']",15
3302,Nordin Amrabat,Málaga,223,"['Left Midfield', 'Right Midfield', 'Left Center Forward', 'Center Forward', 'Center Attacking Midfield', 'Right Wing', 'Right Center Forward']",13
3324,Eric Bertrand Bailly,Villarreal,222,"['Right Center Back', 'Left Center Back', 'Right Back', 'Left Back']",25
3379,Alphonse Areola,Villarreal,222,['Goalkeeper'],32
3486,Fernando Llorente Torres,Sevilla,213,"['Center Forward', 'Right Center Forward', 'Left Center Forward', 'Right Defensive Midfield', 'Left Wing']",23
3497,Vicente Iborra De La Fuente,Sevilla,213,"['Right Defensive Midfield', 'Right Midfield', 'Left Defensive Midfield', 'Center Attacking Midfield', 'Left Center Forward', 'Right Center Forward', 'Left Attacking Midfield']",29
3508,Sandro Ramírez Castillo,Barcelona,217,"['Left Wing', 'Center Forward', 'Right Wing', 'Right Midfield']",10
3601,Charly Musonda Junior,Real Betis,218,"['Right Midfield', 'Left Midfield', 'Left Wing', 'Right Wing', 'Left Defensive Midfield', 'Right Wing Back', 'Left Wing Back', 'Left Center Midfield']",16
3610,Roque Mesa Quevedo,Las Palmas,208,"['Right Wing', 'Right Center Midfield', 'Right Midfield', 'Right Defensive Midfield', 'Left Defensive Midfield', 'Center Defensive Midfield', 'Right Back']",34
3637,Grzegorz Krychowiak,Sevilla,213,"['Left Center Back', 'Left Defensive Midfield', 'Right Defensive Midfield', 'Left Center Midfield', 'Center Defensive Midfield', 'Right Center Back']",26
3638,Shkodran Mustafi,Valencia,207,"['Right Center Back', 'Center Back']",30
3990,Jesé Rodríguez Ruiz,Real Madrid,220,"['Center Forward', 'Right Wing', 'Left Wing', 'Left Center Midfield', 'Left Back', 'Right Center Forward', 'Right Center Midfield', 'Left Midfield']",28
4320,Neymar da Silva Santos Junior,Barcelona,217,"['Left Wing', 'Left Midfield']",34
4324,Daniel Alves da Silva,Barcelona,217,"['Right Back', 'Left Center Back']",29
4353,Aymeric Laporte,Athletic Club,215,['Left Center Back'],26
4406,Aymen Abdennour,Valencia,207,"['Left Center Back', 'Left Back']",22
4418,Matheus Dória Macedo,Granada,1049,['Left Center Back'],8
4498,Jean-Sylvain Claude Babin,Granada,1049,"['Right Center Back', 'Left Center Back']",25
4546,Dimitri Foulquier,Granada,1049,"['Right Back', 'Right Wing', 'Right Wing Back', 'Right Midfield', 'Left Back']",21
4558,Pape Cheikh Diop Gueye,Celta Vigo,209,"['Right Wing', 'Right Center Forward', 'Center Attacking Midfield']",4
4691,Claudio Andrés Bravo Muñoz,Barcelona,217,['Goalkeeper'],32
4711,Pablo Hernández Domínguez,Rayo Vallecano,360,"['Center Attacking Midfield', 'Left Wing', 'Left Defensive Midfield', 'Right Wing', 'Left Wing Back', 'Left Center Midfield', 'Right Wing Back', 'Left Midfield', 'Right Center Midfield', 'Right Midfield']",27
4741,Juan Rafael Fuentes Hernández,Espanyol,214,['Left Back'],10
4788,Jesús Gámez Duarte,Atlético Madrid,212,"['Left Back', 'Right Back', 'Left Center Forward', 'Right Midfield']",10
4926,Francisco Román Alarcón Suárez,Real Madrid,220,"['Right Wing', 'Center Forward', 'Left Wing', 'Center Attacking Midfield', 'Left Center Midfield', 'Right Center Midfield']",31
5186,Denis Cheryshev,Valencia,207,"['Left Wing', 'Left Midfield', 'Right Midfield', 'Left Wing Back', 'Center Attacking Midfield']",9
5199,Jorge Resurrección Merodio,Atlético Madrid,212,"['Left Midfield', 'Left Center Midfield', 'Left Wing', 'Right Midfield', 'Right Wing', 'Left Defensive Midfield', 'Right Center Midfield', 'Center Attacking Midfield']",35
5200,Lucas Vázquez Iglesias,Real Madrid,220,"['Center Forward', 'Right Wing', 'Right Center Midfield', 'Left Wing', 'Right Midfield', 'Right Back']",25
5201,Sergio Ramos García,Real Madrid,220,"['Left Center Back', 'Right Center Back', 'Center Back']",23
5202,José Ignacio Fernández Iglesias,Real Madrid,220,"['Left Center Back', 'Right Center Midfield', 'Left Back', 'Right Back', 'Right Center Back']",16
5203,Sergio Busquets i Burgos,Barcelona,217,"['Center Defensive Midfield', 'Left Defensive Midfield', 'Right Center Midfield', 'Left Center Midfield']",35
5207,Cristiano Ronaldo dos Santos Aveiro,Real Madrid,220,"['Left Wing', 'Center Forward', 'Left Center Forward', 'Right Center Forward']",36
5211,Jordi Alba Ramos,Barcelona,217,['Left Back'],31
5213,Gerard Piqué Bernabéu,Barcelona,217,['Right Center Back'],30
5216,Andrés Iniesta Luján,Barcelona,217,"['Left Center Midfield', 'Right Center Midfield', 'Right Wing']",28
5217,Iago Aspas Juncal,Celta Vigo,209,"['Center Forward', 'Right Center Midfield', 'Right Center Forward', 'Left Center Forward', 'Left Center Midfield', 'Right Wing', 'Center Attacking Midfield']",35
5246,Luis Alberto Suárez Díaz,Barcelona,217,"['Center Forward', 'Left Center Forward', 'Right Wing']",35
5249,Diego Roberto Godín Leal,Atlético Madrid,212,"['Left Center Back', 'Center Back', 'Right Center Back']",31
5259,José María Giménez de Vargas,Atlético Madrid,212,"['Right Center Back', 'Left Center Back', 'Right Center Forward']",27
5456,Mateo Kovačić,Real Madrid,220,"['Center Attacking Midfield', 'Right Defensive Midfield', 'Left Defensive Midfield', 'Left Center Midfield', 'Left Wing', 'Right Wing', 'Left Midfield', 'Right Center Midfield', 'Center Defensive Midfield']",25
5463,Luka Modrić,Real Madrid,220,"['Left Center Midfield', 'Right Defensive Midfield', 'Left Defensive Midfield', 'Right Center Midfield', 'Center Forward']",32
5470,Ivan Rakitić,Barcelona,217,"['Right Center Midfield', 'Right Defensive Midfield', 'Left Center Midfield', 'Left Wing']",36
5484,Lucas Hernández Pi,Atlético Madrid,212,"['Left Back', 'Left Center Back']",10
5485,Raphaël Varane,Real Madrid,220,"['Right Center Back', 'Left Center Back']",26
5487,Antoine Griezmann,Atlético Madrid,212,"['Left Center Forward', 'Right Wing', 'Right Center Forward', 'Left Wing', 'Right Midfield', 'Left Midfield', 'Center Forward', 'Center Attacking Midfield']",38
5503,Lionel Andrés Messi Cuccittini,Barcelona,217,"['Right Wing', 'Center Attacking Midfield', 'Right Center Forward', 'Center Forward']",33
5504,Éver Maximiliano David Banega,Sevilla,213,"['Center Attacking Midfield', 'Left Defensive Midfield', 'Right Defensive Midfield', 'Left Center Midfield', 'Right Wing']",25
5506,Javier Alejandro Mascherano,Barcelona,217,"['Right Center Back', 'Center Defensive Midfield', 'Left Center Back']",32
5539,Carlos Henrique Casimiro,Real Madrid,220,"['Left Defensive Midfield', 'Right Defensive Midfield', 'Center Defensive Midfield', 'Center Attacking Midfield', 'Right Center Midfield', 'Left Center Back']",23
5552,Marcelo Vieira da Silva Júnior,Real Madrid,220,"['Left Back', 'Right Back', 'Left Wing Back']",30
5560,Carlos Alberto Vela Garrido,Real Sociedad,210,"['Right Center Forward', 'Center Attacking Midfield', 'Left Wing', 'Right Wing', 'Center Forward', 'Left Center Forward', 'Right Midfield']",35
5574,Toni Kroos,Real Madrid,220,"['Right Center Midfield', 'Left Defensive Midfield', 'Center Defensive Midfield', 'Left Center Midfield']",32
5577,Francisco Guillermo Ochoa Magaña,Málaga,223,['Goalkeeper'],11
5582,Celso Borges Mora,RC Deportivo La Coruña,219,"['Left Defensive Midfield', 'Right Defensive Midfield', 'Right Center Midfield', 'Right Midfield', 'Left Center Midfield', 'Center Defensive Midfield']",24
5588,Antonio Rukavina,Villarreal,222,"['Right Back', 'Left Back', 'Right Midfield']",18
5597,Keylor Navas Gamboa,Real Madrid,220,['Goalkeeper'],34
5598,Óscar Esau Duarte Gaitán,Espanyol,214,"['Right Center Back', 'Left Center Back', 'Left Defensive Midfield', 'Center Back', 'Center Defensive Midfield']",14
5633,Yannick Ferreira Carrasco,Atlético Madrid,212,"['Left Midfield', 'Right Midfield', 'Left Wing', 'Right Defensive Midfield', 'Right Wing', 'Right Center Midfield', 'Left Center Midfield', 'Left Center Forward', 'Center Forward', 'Left Defensive Midfield']",29
5671,Alfred John Momar N''Diaye,Real Betis,218,"['Left Defensive Midfield', 'Right Defensive Midfield', 'Center Defensive Midfield', 'Right Wing', 'Right Center Midfield', 'Left Center Midfield', 'Left Center Back', 'Left Back', 'Right Center Back']",34
5678,Jefferson Andrés Lerma Solís,Levante UD,221,"['Right Center Forward', 'Left Center Midfield', 'Right Wing', 'Left Midfield', 'Right Center Midfield', 'Center Defensive Midfield', 'Right Back', 'Left Defensive Midfield', 'Right Defensive Midfield', 'Right Center Back', 'Right Midfield']",33
5687,Takashi Inui,Eibar,322,"['Left Wing', 'Left Midfield', 'Left Center Forward', 'Right Midfield', 'Right Wing', 'Right Center Midfield']",27
5695,James David Rodríguez Rubio,Real Madrid,220,"['Center Attacking Midfield', 'Right Wing', 'Right Midfield', 'Left Center Midfield', 'Right Center Midfield', 'Center Forward', 'Center Defensive Midfield', 'Left Wing']",26
5718,Rodrigo Moreno Machado,Valencia,207,"['Left Center Midfield', 'Left Wing', 'Center Attacking Midfield', 'Center Forward', 'Right Center Forward', 'Left Back', 'Right Wing', 'Right Midfield', 'Center Defensive Midfield', 'Left Wing Back', 'Left Midfield']",25
5719,Marco Asensio Willemsen,Espanyol,214,"['Center Attacking Midfield', 'Right Midfield', 'Left Defensive Midfield', 'Left Midfield', 'Left Center Midfield', 'Right Defensive Midfield', 'Right Wing', 'Left Wing', 'Right Center Forward', 'Right Center Midfield', 'Left Center Forward']",34
5721,Daniel Carvajal Ramos,Real Madrid,220,"['Right Back', 'Left Back', 'Right Wing Back']",22
5724,Fayçal Fajr,RC Deportivo La Coruña,219,"['Center Attacking Midfield', 'Left Midfield', 'Left Wing', 'Left Center Midfield', 'Right Midfield', 'Right Wing', 'Right Center Forward', 'Right Center Midfield', 'Left Center Back']",38
5737,Steven N''Kemboanza Mike Christopher Nzonzi,Sevilla,213,"['Left Defensive Midfield', 'Right Defensive Midfield', 'Center Attacking Midfield', 'Right Center Midfield', 'Left Wing', 'Left Center Midfield']",28
5741,Enzo Nicolás Pérez,Valencia,207,"['Left Center Midfield', 'Left Defensive Midfield', 'Center Defensive Midfield', 'Right Center Midfield', 'Right Midfield', 'Right Defensive Midfield', 'Left Wing', 'Left Center Back']",20
6038,John Guidetti,Celta Vigo,209,"['Right Center Midfield', 'Right Back', 'Center Forward', 'Left Center Midfield', 'Left Center Forward', 'Center Attacking Midfield', 'Left Wing', 'Center Defensive Midfield', 'Left Defensive Midfield']",35
6320,Filipe Luís Kasmirski,Atlético Madrid,212,"['Left Back', 'Left Wing Back']",32
6332,Thomas Vermaelen,Barcelona,217,"['Left Center Back', 'Center Defensive Midfield', 'Right Center Back']",10
6349,Federico Julián Fazio,Sevilla,213,"['Left Center Back', 'Right Center Back']",4
6356,Michael Krohn-Dehli,Sevilla,213,"['Right Defensive Midfield', 'Left Center Forward', 'Left Wing', 'Left Midfield', 'Center Attacking Midfield', 'Left Back', 'Left Center Midfield', 'Right Midfield', 'Left Defensive Midfield', 'Right Center Midfield', 'Right Wing']",27
6357,Jonathan dos Santos Ramírez,Villarreal,222,"['Right Defensive Midfield', 'Right Midfield', 'Left Center Midfield', 'Left Wing', 'Right Center Midfield', 'Right Back', 'Right Wing', 'Left Defensive Midfield']",26
6375,Juan Francisco Torres Belén,Atlético Madrid,212,"['Right Back', 'Right Wing Back', 'Right Center Forward', 'Right Midfield']",35
6376,Stefan Savić,Atlético Madrid,212,"['Right Center Back', 'Left Center Back']",12
6377,Ángel Martín Correa,Atlético Madrid,212,"['Center Attacking Midfield', 'Left Wing', 'Left Midfield', 'Right Center Forward', 'Right Midfield', 'Right Center Midfield', 'Right Wing', 'Left Center Midfield', 'Left Center Forward', 'Center Forward']",26
6378,Jan Oblak,Atlético Madrid,212,['Goalkeeper'],38
6379,Sergi Roberto Carnicer,Barcelona,217,"['Right Back', 'Right Center Midfield', 'Left Center Midfield', 'Right Midfield', 'Right Wing', 'Center Defensive Midfield', 'Left Back']",31
6381,Saúl Ñíguez Esclapez,Atlético Madrid,212,"['Right Midfield', 'Left Defensive Midfield', 'Left Midfield', 'Left Center Midfield', 'Right Defensive Midfield', 'Left Center Forward', 'Center Defensive Midfield', 'Center Forward', 'Center Attacking Midfield', 'Left Center Back', 'Right Wing', 'Right Center Forward', 'Right Center Back']",31
6382,Fernando José Torres Sanz,Atlético Madrid,212,"['Center Forward', 'Left Center Forward', 'Right Center Forward', 'Center Defensive Midfield', 'Right Midfield']",30
6383,Thomas Teye Partey,Atlético Madrid,212,"['Left Center Forward', 'Right Center Midfield', 'Left Wing', 'Right Defensive Midfield', 'Center Forward', 'Center Defensive Midfield', 'Right Midfield', 'Left Defensive Midfield', 'Left Center Midfield', 'Right Wing']",13
6384,Gabriel Fernández Arenas,Atlético Madrid,212,"['Right Defensive Midfield', 'Right Center Midfield', 'Left Defensive Midfield', 'Center Defensive Midfield', 'Left Midfield']",35
6386,Eneko Bóveda Altube,Athletic Club,215,"['Right Back', 'Right Wing', 'Right Defensive Midfield', 'Right Center Back', 'Right Wing Back']",23
6388,Ander Iturraspe Derteano,Athletic Club,215,"['Left Defensive Midfield', 'Right Defensive Midfield', 'Center Defensive Midfield', 'Left Center Back', 'Center Attacking Midfield']",16
6389,Mikel San José Domínguez,Athletic Club,215,"['Right Defensive Midfield', 'Left Defensive Midfield', 'Left Center Back', 'Center Defensive Midfield', 'Right Wing', 'Right Center Back', 'Center Back', 'Center Attacking Midfield']",34
6390,Markel Susaeta Laskurain,Athletic Club,215,"['Right Wing', 'Left Wing', 'Right Midfield', 'Left Defensive Midfield']",28
6391,Raúl García Escudero,Athletic Club,215,"['Right Wing', 'Center Attacking Midfield', 'Left Center Midfield', 'Right Defensive Midfield', 'Right Midfield', 'Left Wing', 'Right Center Forward', 'Center Forward', 'Right Back']",31
6392,Íñigo Lekue Martínez,Athletic Club,215,"['Left Back', 'Right Wing', 'Left Wing', 'Left Midfield', 'Right Attacking Midfield', 'Right Back', 'Center Forward']",20
6393,Iñaki Williams Arthuer,Athletic Club,215,"['Right Wing', 'Left Wing', 'Left Midfield', 'Right Midfield', 'Center Forward', 'Left Center Back']",25
6394,Aritz Aduriz Zubeldia,Athletic Club,215,"['Center Forward', 'Right Center Forward', 'Left Center Forward', 'Center Attacking Midfield', 'Right Wing']",34
6396,Beñat Etxebarria Urkiaga,Athletic Club,215,"['Left Center Midfield', 'Left Defensive Midfield', 'Right Defensive Midfield', 'Center Attacking Midfield']",36
6399,Gareth Frank Bale,Real Madrid,220,"['Center Attacking Midfield', 'Center Forward', 'Right Wing', 'Left Wing', 'Right Center Forward', 'Left Midfield', 'Left Center Midfield']",23
6400,Aleix Vidal Parreu,Barcelona,217,['Right Back'],9
6401,Kevin Gameiro,Sevilla,213,"['Center Forward', 'Center Attacking Midfield', 'Left Center Forward', 'Right Center Forward', 'Right Defensive Midfield', 'Right Wing', 'Left Defensive Midfield']",31
6402,Francisco Alcácer García,Valencia,207,"['Center Forward', 'Right Center Forward', 'Left Wing', 'Left Center Forward', 'Right Wing']",34
6557,Adrián González Morales,Eibar,322,"['Left Defensive Midfield', 'Center Attacking Midfield', 'Left Center Midfield', 'Left Center Forward', 'Right Defensive Midfield', 'Left Midfield', 'Left Wing Back', 'Left Wing', 'Right Center Forward']",32
6559,Juan Carlos Pérez López,Málaga,223,"['Left Midfield', 'Left Wing', 'Left Back']",19
6561,Luis Hernández Rodríguez,Sporting Gijón,1041,"['Right Center Back', 'Right Back', 'Left Center Back']",36
6563,Juan Pablo Añor Acosta,Málaga,223,"['Right Defensive Midfield', 'Right Wing', 'Left Center Forward', 'Right Midfield', 'Center Attacking Midfield', 'Left Defensive Midfield', 'Left Back', 'Left Midfield']",29
6566,Borja González Tomás,Eibar,322,"['Center Forward', 'Center Attacking Midfield', 'Right Center Forward', 'Left Center Forward']",36
6569,Roberto José Rosales Altuve,Málaga,223,['Right Back'],35
6573,Bernardo José Espinosa Zúñiga,Sporting Gijón,1041,"['Left Center Back', 'Right Center Back', 'Center Back']",16
6576,Gorka Iraizoz Moreno,Athletic Club,215,['Goalkeeper'],37
6580,José Luis García del Pozo,Málaga,223,"['Left Center Midfield', 'Left Defensive Midfield', 'Right Defensive Midfield', 'Right Center Midfield', 'Right Midfield']",33
6581,Jonathan Rodríguez Menéndez,Sporting Gijón,1041,"['Left Midfield', 'Right Midfield', 'Right Wing', 'Left Wing', 'Left Wing Back', 'Center Forward']",36
6592,Rúben Miguel Nunes Vezo,Valencia,207,"['Left Center Back', 'Right Center Back', 'Right Back', 'Left Midfield']",15
6593,Martín Montoya Torralbo,Real Betis,218,"['Right Back', 'Left Back']",13
6594,Santiago Mina Lorenzo,Valencia,207,"['Right Wing', 'Left Center Forward', 'Center Attacking Midfield', 'Left Wing', 'Left Midfield', 'Center Forward', 'Right Attacking Midfield', 'Right Wing Back', 'Right Midfield', 'Right Defensive Midfield', 'Right Center Midfield']",26
6595,Daniel Parejo Muñoz,Valencia,207,"['Right Center Midfield', 'Right Defensive Midfield', 'Left Defensive Midfield', 'Left Center Midfield', 'Left Midfield', 'Center Defensive Midfield', 'Center Attacking Midfield', 'Right Midfield', 'Right Wing']",33
6596,José Luis Gayà Peña,Valencia,207,"['Left Back', 'Left Midfield']",20
6599,Rubén Salvador Pérez Del Mármol,Granada,1049,"['Right Defensive Midfield', 'Left Defensive Midfield', 'Right Center Midfield', 'Left Center Midfield', 'Center Defensive Midfield', 'Right Back']",31
6600,Claudio Beauvue,Celta Vigo,209,"['Center Forward', 'Right Wing', 'Left Center Forward']",10
6602,Miguel Ángel Guerrero Martín,Sporting Gijón,1041,"['Right Center Forward', 'Center Forward', 'Left Center Forward', 'Left Wing', 'Center Attacking Midfield']",23
6605,Joseba Zaldúa Bengoetxea,Real Sociedad,210,"['Right Back', 'Left Wing']",13
6606,Javier Eraso Goñi,Athletic Club,215,"['Center Attacking Midfield', 'Left Defensive Midfield', 'Right Midfield', 'Left Midfield', 'Left Attacking Midfield', 'Center Forward', 'Right Wing']",16
6608,Nabil El Zhar,Las Palmas,208,"['Right Center Forward', 'Right Wing', 'Center Defensive Midfield', 'Right Center Midfield', 'Left Wing Back', 'Left Wing', 'Right Midfield', 'Center Attacking Midfield', 'Right Back', 'Left Midfield']",30
6609,Denis Suárez Fernández,Villarreal,222,"['Right Midfield', 'Left Midfield', 'Right Center Midfield', 'Left Center Forward', 'Right Center Forward', 'Left Wing']",33
6610,Iván Cuéllar Sacristán,Sporting Gijón,1041,['Goalkeeper'],32
6612,Rubén Duarte Sánchez,Espanyol,214,"['Left Back', 'Left Center Back', 'Left Wing Back']",22
6614,Alexis Ruano Delgado,Getafe,216,"['Left Center Back', 'Right Back']",15
6616,Munir El Haddadi Mohamed,Barcelona,217,"['Right Wing', 'Right Midfield', 'Right Center Midfield', 'Left Wing', 'Left Center Midfield', 'Center Forward']",15
6617,Ibai Gómez Pérez,Athletic Club,215,"['Left Wing', 'Left Midfield', 'Right Wing']",5
6622,Tomás Pina Isla,Villarreal,222,"['Right Center Midfield', 'Right Defensive Midfield', 'Left Defensive Midfield', 'Left Center Midfield', 'Center Defensive Midfield']",27
6624,Jorge Franco Alviz,Espanyol,214,"['Left Wing', 'Right Center Back', 'Left Midfield', 'Right Wing', 'Right Center Midfield', 'Center Forward', 'Left Defensive Midfield', 'Left Wing Back']",26
6625,Vicente Guaita Panadero,Getafe,216,['Goalkeeper'],38
6626,Mubarak Wakaso,Las Palmas,208,"['Right Center Midfield', 'Left Center Midfield', 'Center Defensive Midfield', 'Left Back', 'Center Attacking Midfield', 'Left Wing', 'Right Wing', 'Left Midfield', 'Left Defensive Midfield']",19
6627,Damián Nicolás Suárez Suárez,Getafe,216,"['Right Back', 'Left Wing', 'Left Back', 'Right Center Back']",31
6630,Jorge Molina Vidal,Real Betis,218,"['Right Center Forward', 'Left Center Forward', 'Right Midfield', 'Left Center Midfield', 'Right Wing', 'Left Wing', 'Center Attacking Midfield', 'Center Forward']",23
6633,Markel Bergara Larrañaga,Real Sociedad,210,"['Left Defensive Midfield', 'Right Defensive Midfield', 'Left Wing', 'Center Defensive Midfield', 'Right Center Midfield']",20
6647,Zouhair Feddal,Levante UD,221,"['Center Back', 'Left Center Back']",28
6649,Óscar de Marcos Arana,Athletic Club,215,"['Right Back', 'Left Back', 'Right Wing', 'Left Midfield', 'Right Midfield', 'Right Wing Back', 'Left Center Forward']",34
6651,Joaquín Sánchez Rodríguez,Real Betis,218,"['Right Midfield', 'Right Center Forward', 'Left Midfield', 'Left Wing', 'Right Wing', 'Right Defensive Midfield', 'Center Attacking Midfield', 'Left Wing Back', 'Right Wing Back', 'Right Center Midfield']",30
6654,Antonio Adán Garrido,Real Betis,218,['Goalkeeper'],36
6655,Fabián Ruiz Peña,Real Betis,218,"['Left Defensive Midfield', 'Center Attacking Midfield', 'Right Midfield', 'Left Midfield', 'Right Center Forward', 'Right Back']",12
6656,Mikel Rico Moreno,Athletic Club,215,"['Right Center Midfield', 'Left Defensive Midfield', 'Right Defensive Midfield', 'Center Attacking Midfield', 'Left Center Midfield']",17
6659,Víctor Camarasa Ferrando,Levante UD,221,"['Left Center Midfield', 'Right Center Midfield', 'Center Defensive Midfield', 'Right Defensive Midfield', 'Right Midfield', 'Right Wing Back', 'Left Defensive Midfield', 'Left Center Forward', 'Center Attacking Midfield', 'Right Wing', 'Right Center Forward', 'Left Midfield']",34
6662,Iago Herrerín Buisán,Athletic Club,215,['Goalkeeper'],2
6663,Antonio Barragán Fernández,Valencia,207,"['Right Wing', 'Right Back', 'Right Center Back', 'Right Wing Back']",24
6665,Íñigo Martínez Berridi,Real Sociedad,210,['Left Center Back'],30
6666,Sabin Merino Zuloaga,Athletic Club,215,"['Left Wing', 'Right Wing', 'Right Midfield', 'Center Forward', 'Left Center Forward', 'Left Midfield']",22
6668,José Luis Morales Nogales,Levante UD,221,"['Right Wing Back', 'Right Back', 'Left Midfield', 'Right Midfield', 'Left Center Midfield', 'Right Wing', 'Left Wing', 'Center Attacking Midfield']",35
6669,David Zurutuza Veillet,Real Sociedad,210,"['Center Attacking Midfield', 'Left Wing', 'Center Forward', 'Left Center Midfield', 'Right Wing']",16
6671,Asier Illarramendi Andonegi,Real Sociedad,210,"['Right Defensive Midfield', 'Left Defensive Midfield', 'Center Defensive Midfield', 'Left Center Midfield', 'Right Center Midfield']",33
6672,Jorge Andújar Moreno,Sevilla,213,"['Right Back', 'Left Center Back', 'Left Back', 'Right Defensive Midfield', 'Right Wing', 'Substitute']",22
6673,Sergio Canales Madrazo,Real Sociedad,210,"['Left Midfield', 'Right Wing', 'Right Defensive Midfield', 'Center Attacking Midfield', 'Left Wing', 'Right Midfield', 'Left Center Midfield', 'Right Center Midfield']",16
6674,Alberto De La Bella Madureño,Real Sociedad,210,"['Left Back', 'Left Center Back']",15
6675,Antonio Manuel Luna Rodríguez,Eibar,322,"['Left Back', 'Right Center Forward', 'Right Wing', 'Left Midfield']",15
6676,Igor Zubeldia Elorza,Real Sociedad,210,['Left Defensive Midfield'],1
6677,Imanol Agirretxe Arruti,Real Sociedad,210,"['Left Back', 'Center Forward', 'Left Center Forward', 'Right Wing', 'Left Wing']",16
6679,Aritz Elustondo Irribaria,Real Sociedad,210,"['Right Back', 'Right Center Back']",31
6680,Rubén Rochina Naixes,Granada,1049,"['Center Attacking Midfield', 'Left Wing', 'Right Wing', 'Left Center Midfield', 'Center Forward', 'Right Center Midfield', 'Right Midfield', 'Center Defensive Midfield', 'Left Center Forward']",35
6684,Roger Martí Salvador,Levante UD,221,"['Left Center Forward', 'Right Center Forward', 'Center Forward', 'Left Wing', 'Right Wing', 'Center Defensive Midfield', 'Right Defensive Midfield', 'Right Center Midfield']",16
6685,Mikel Oyarzabal Ugarte,Real Sociedad,210,"['Center Forward', 'Right Wing', 'Left Wing', 'Right Midfield', 'Right Center Forward', 'Center Attacking Midfield', 'Left Midfield']",22
6690,Xabier Prieto Argarate,Real Sociedad,210,"['Right Midfield', 'Right Wing', 'Left Wing', 'Right Back', 'Center Attacking Midfield', 'Left Midfield', 'Left Center Midfield', 'Right Center Midfield', 'Right Defensive Midfield', 'Center Defensive Midfield']",36
6692,Oier Olazábal Paredes,Real Sociedad,210,['Goalkeeper'],3
6694,Gerónimo Rulli,Real Sociedad,210,['Goalkeeper'],36
6697,Daniel Ceballos Fernández,Real Betis,218,"['Right Midfield', 'Right Center Forward', 'Left Midfield', 'Right Defensive Midfield', 'Left Defensive Midfield', 'Right Center Midfield', 'Right Wing', 'Center Attacking Midfield', 'Left Center Midfield', 'Left Back', 'Left Wing', 'Left Center Forward']",34
6699,Ander Capa Rodríguez,Eibar,322,"['Right Back', 'Right Wing']",36
6700,Sergio Enrich Ametller,Eibar,322,"['Center Forward', 'Left Center Forward', 'Right Midfield', 'Center Attacking Midfield', 'Right Center Forward', 'Right Wing', 'Right Center Midfield', 'Left Wing']",38
6701,Joan Jordán Moreno,Espanyol,214,"['Right Defensive Midfield', 'Left Defensive Midfield', 'Center Attacking Midfield', 'Center Defensive Midfield']",9
6702,David Rodríguez Lombán,Granada,1049,"['Left Center Back', 'Right Center Back', 'Center Back', 'Right Back', 'Left Back']",30
6706,Francisco Casilla Cortés,Real Madrid,220,['Goalkeeper'],4
6707,Charles Días Barbosa de Oliveira,Málaga,223,"['Right Center Forward', 'Center Forward', 'Left Center Forward', 'Right Defensive Midfield']",35
6709,Anaitz Arbilla Zabala,Espanyol,214,"['Right Back', 'Right Wing Back']",7
6712,Gonzalo Escalante,Eibar,322,"['Center Attacking Midfield', 'Left Defensive Midfield', 'Right Defensive Midfield', 'Right Center Midfield', 'Right Midfield', 'Center Defensive Midfield']",34
6713,Diego Javier Llorente Ríos,Rayo Vallecano,360,"['Right Center Back', 'Left Center Back', 'Right Back', 'Center Back', 'Center Defensive Midfield', 'Left Defensive Midfield', 'Right Defensive Midfield']",33
6718,Sergio Escudero Palomo,Sevilla,213,"['Left Back', 'Left Wing', 'Right Defensive Midfield', 'Left Midfield']",15
6720,Pablo Sarabia García,Getafe,216,"['Center Attacking Midfield', 'Right Wing', 'Right Center Forward', 'Right Midfield', 'Left Wing', 'Right Defensive Midfield', 'Right Center Midfield', 'Left Midfield', 'Left Wing Back', 'Left Center Midfield']",31
6721,Willian José da Silva,Las Palmas,208,"['Center Attacking Midfield', 'Right Center Midfield', 'Right Center Forward', 'Center Forward', 'Left Center Forward']",30
6724,Manuel Agudo Durán,Celta Vigo,209,"['Left Wing', 'Left Midfield', 'Right Defensive Midfield', 'Center Attacking Midfield', 'Center Forward', 'Left Center Midfield']",29
6725,Zakaria Bakkali,Valencia,207,"['Left Wing', 'Left Wing Back', 'Left Midfield', 'Right Center Midfield', 'Center Forward', 'Right Wing', 'Right Defensive Midfield']",16
6727,Raúl Albentosa Redal,Málaga,223,"['Right Center Back', 'Left Center Back']",29
6728,Federico Nicolás Cartabia,RC Deportivo La Coruña,219,"['Right Midfield', 'Center Attacking Midfield', 'Right Wing', 'Left Center Forward', 'Left Wing', 'Left Midfield', 'Left Center Midfield', 'Right Center Midfield', 'Left Wing Back', 'Right Wing Back']",26
6730,Rubén Iván Martínez Andrade,Levante UD,221,['Goalkeeper'],15
6732,Lucas Pérez Martínez,RC Deportivo La Coruña,219,"['Center Forward', 'Left Center Forward', 'Right Wing', 'Center Attacking Midfield', 'Right Center Forward', 'Left Wing']",36
6733,Pedro Mosquera Parada,RC Deportivo La Coruña,219,"['Right Defensive Midfield', 'Left Defensive Midfield', 'Center Defensive Midfield', 'Left Center Midfield', 'Right Center Midfield']",37
6734,Luis Carlos Correia Pinto,RC Deportivo La Coruña,219,"['Left Wing', 'Left Midfield', 'Left Back', 'Left Center Midfield', 'Right Back', 'Left Wing Back']",20
6735,Adrián López Álvarez,Villarreal,222,"['Right Center Forward', 'Left Center Forward']",16
6736,Álvaro Medrán Just,Getafe,216,"['Right Defensive Midfield', 'Right Wing', 'Left Defensive Midfield', 'Center Attacking Midfield', 'Left Center Midfield', 'Right Center Midfield', 'Center Defensive Midfield']",20
6737,Alfonso Pedraza Sag,Villarreal,222,"['Left Midfield', 'Left Wing']",2
6738,Juan Francisco Moreno Fuertes,RC Deportivo La Coruña,219,"['Right Wing', 'Right Midfield', 'Right Back', 'Left Wing', 'Right Center Midfield', 'Right Wing Back', 'Left Wing Back', 'Left Back']",35
6740,Gonzalo Castro Irizábal,Málaga,223,"['Right Center Forward', 'Left Wing', 'Left Defensive Midfield', 'Left Midfield', 'Right Midfield']",24
6742,Sergio Gontán Gallardo,Eibar,322,"['Right Wing', 'Left Wing', 'Right Midfield', 'Left Midfield']",29
6743,Manuel Rolando Iturra Urrutia,Rayo Vallecano,360,"['Right Defensive Midfield', 'Left Defensive Midfield', 'Right Center Back', 'Right Center Midfield']",6
6744,Luciano Vietto,Atlético Madrid,212,"['Right Defensive Midfield', 'Right Wing', 'Right Center Forward', 'Center Forward', 'Left Center Forward', 'Right Midfield']",19
6745,Mehdi Lacen,Getafe,216,"['Left Defensive Midfield', 'Center Defensive Midfield', 'Right Defensive Midfield', 'Left Center Midfield']",31
6749,Diego González Polanco,Sevilla,213,"['Left Defensive Midfield', 'Left Center Back', 'Right Center Back']",2
6751,Javier Fuego Martínez,Valencia,207,"['Center Defensive Midfield', 'Right Back', 'Left Defensive Midfield', 'Left Center Back', 'Right Defensive Midfield', 'Right Center Midfield', 'Left Center Midfield']",26
6752,Víctor Ruíz Torre,Villarreal,222,"['Left Center Back', 'Right Center Back']",35
6755,Sergio Asenjo Andrés,Villarreal,222,['Goalkeeper'],4
6758,Víctor Sánchez Mata,Espanyol,214,"['Right Defensive Midfield', 'Left Defensive Midfield', 'Left Center Midfield', 'Center Defensive Midfield', 'Right Center Forward', 'Center Attacking Midfield', 'Right Center Midfield', 'Right Wing', 'Left Wing Back']",29
6761,Leonardo Carrilho Baptistão,Villarreal,222,"['Right Center Forward', 'Left Center Forward', 'Right Midfield']",26
6762,Álvaro González Soberón,Espanyol,214,"['Right Center Back', 'Left Center Back', 'Center Back', 'Right Back']",36
6763,Pablo Daniel Piatti,Valencia,207,"['Left Wing', 'Left Back', 'Left Midfield', 'Center Defensive Midfield', 'Center Forward', 'Left Center Midfield', 'Right Wing']",21
6764,Pablo Fornals Malla,Málaga,223,"['Right Midfield', 'Left Center Midfield', 'Left Defensive Midfield', 'Right Defensive Midfield', 'Right Wing', 'Left Midfield', 'Right Center Forward', 'Left Center Forward']",27
6765,Rodrigo Hernández Cascante,Villarreal,222,"['Right Midfield', 'Left Defensive Midfield', 'Right Defensive Midfield']",3
6766,Gerard Moreno Balaguero,Espanyol,214,"['Center Attacking Midfield', 'Center Forward', 'Left Center Forward', 'Right Midfield', 'Right Center Forward', 'Right Defensive Midfield', 'Left Wing', 'Left Defensive Midfield', 'Right Wing']",32
6770,Esteban Félix Granero Molina,Real Sociedad,210,"['Right Defensive Midfield', 'Left Center Midfield', 'Left Defensive Midfield', 'Right Center Midfield', 'Right Center Back', 'Left Wing', 'Center Attacking Midfield', 'Center Defensive Midfield']",15
6771,Manuel Trigueros Muñoz,Villarreal,222,"['Left Midfield', 'Left Defensive Midfield', 'Right Defensive Midfield', 'Left Center Midfield', 'Right Wing', 'Right Center Midfield', 'Center Attacking Midfield', 'Right Midfield']",31
6772,Mario Gaspar Pérez Martínez,Villarreal,222,"['Right Back', 'Right Center Back']",33
6775,Daniel García Carrillo,Eibar,322,"['Right Defensive Midfield', 'Left Defensive Midfield', 'Center Defensive Midfield', 'Left Center Midfield']",35
6776,David Juncà Reñé,Eibar,322,"['Left Wing', 'Left Back', 'Left Midfield', 'Left Center Back']",31
6777,Sidnei Rechel da Silva Júnior,RC Deportivo La Coruña,219,"['Left Center Back', 'Right Center Back', 'Center Back']",33
6778,Iván Ramis Barrios,Eibar,322,"['Left Center Back', 'Right Back', 'Left Defensive Midfield', 'Center Back']",23
6783,Samuel García Sánchez,Villarreal,222,"['Right Midfield', 'Left Midfield', 'Right Center Forward', 'Right Wing', 'Left Center Forward', 'Center Forward', 'Right Defensive Midfield']",16
6784,Antonio García Aranda,Levante UD,221,"['Left Wing Back', 'Left Back', 'Left Center Back', 'Right Back']",27
6787,Pedro López Muñoz,Levante UD,221,['Right Back'],17
6788,Xabier Etxeita Gorritxategi,Athletic Club,215,"['Right Center Back', 'Left Center Back']",30
6789,Mikel Balenziaga Oruesagasti,Athletic Club,215,"['Left Back', 'Left Wing Back']",34
6791,Javier López Rodríguez,Espanyol,214,"['Left Defensive Midfield', 'Center Attacking Midfield', 'Right Center Midfield', 'Center Defensive Midfield', 'Right Back', 'Right Wing Back', 'Right Wing', 'Right Midfield', 'Left Center Forward']",31
6792,Pau López Sabata,Espanyol,214,['Goalkeeper'],36
6794,Gustavo Daniel Cabral Cáceres,Celta Vigo,209,"['Right Center Back', 'Left Center Back']",31
6795,Rubén Blanco Veiga,Celta Vigo,209,['Goalkeeper'],8
6796,Nemanja Radoja,Celta Vigo,209,"['Left Center Midfield', 'Center Attacking Midfield', 'Left Defensive Midfield', 'Center Defensive Midfield', 'Right Center Back', 'Right Center Midfield', 'Left Back', 'Right Defensive Midfield', 'Left Wing', 'Center Back']",30
6797,Daniel Wass,Celta Vigo,209,"['Right Center Midfield', 'Right Back', 'Left Center Midfield', 'Right Defensive Midfield', 'Right Center Forward', 'Left Defensive Midfield', 'Right Wing', 'Right Midfield', 'Center Attacking Midfield']",36
6801,Pedro Pablo Hernández,Celta Vigo,209,"['Left Center Midfield', 'Center Attacking Midfield', 'Center Midfield', 'Left Defensive Midfield', 'Right Center Midfield', 'Center Defensive Midfield', 'Right Defensive Midfield']",33
6802,Jonathan Castro Otto,Celta Vigo,209,"['Left Back', 'Right Back', 'Left Center Back', 'Right Wing Back', 'Left Wing Back']",36
6804,Sergi Gómez Solà,Celta Vigo,209,"['Left Center Back', 'Right Center Back', 'Center Attacking Midfield', 'Right Center Midfield', 'Center Back']",31
6805,Hugo Mallo Novegil,Celta Vigo,209,"['Right Back', 'Right Center Back', 'Right Wing']",34
6807,Roberto Suárez Pier,RC Deportivo La Coruña,219,"['Left Back', 'Right Center Back']",2
6823,Sergio Rico González,Sevilla,213,['Goalkeeper'],34
6825,Daniel Filipe Martins Carriço,Sevilla,213,"['Left Center Back', 'Right Center Back', 'Left Defensive Midfield', 'Right Defensive Midfield']",14
6827,Daniele Bonera,Villarreal,222,"['Right Center Back', 'Left Center Back']",14
6828,Jaume Vicent Costa Jordá,Villarreal,222,"['Left Back', 'Right Back']",18
6829,Samuel Castillejo Azuaga,Villarreal,222,"['Left Midfield', 'Right Midfield', 'Left Wing', 'Right Wing', 'Left Center Forward', 'Left Back']",28
6832,Rubén Castro Martín,Real Betis,218,"['Left Center Forward', 'Right Center Forward', 'Right Midfield', 'Center Forward', 'Left Wing', 'Right Wing', 'Left Midfield']",38
6834,Gerard Gumbau Garriga,Barcelona,217,"['Left Defensive Midfield', 'Left Back', 'Center Defensive Midfield']",3
6837,Mauro Javier Dos Santos,Eibar,322,"['Right Center Back', 'Left Center Back']",31
6838,Hernán Arsenio Pérez González,Espanyol,214,"['Right Midfield', 'Right Wing', 'Left Center Forward', 'Left Wing Back', 'Left Midfield', 'Left Wing', 'Right Wing Back']",32
6840,Marcos Llorente Moreno,Real Madrid,220,['Left Center Midfield'],2
6841,Víctor Machín Pérez,Sevilla,213,"['Left Wing', 'Right Wing', 'Right Midfield', 'Right Center Forward', 'Left Midfield', 'Right Back', 'Right Wing Back']",28
6842,Iker Muniain Goñi,Athletic Club,215,"['Left Wing', 'Right Midfield', 'Left Midfield', 'Center Attacking Midfield', 'Right Wing', 'Center Forward']",20
6844,Federico Ricca Rostagnol,Málaga,223,['Left Back'],8
6845,Ager Aketxe Barrutia,Athletic Club,215,"['Center Attacking Midfield', 'Left Wing']",3
6847,Adalberto Peñaranda Maestre,Granada,1049,"['Center Forward', 'Left Wing', 'Right Wing', 'Center Attacking Midfield', 'Right Center Forward', 'Left Center Forward']",23
6852,Jozabed Sánchez Ruiz,Rayo Vallecano,360,"['Left Wing', 'Center Attacking Midfield', 'Left Defensive Midfield', 'Right Defensive Midfield', 'Right Center Midfield', 'Left Center Midfield', 'Right Center Back', 'Left Center Forward', 'Center Defensive Midfield']",27
6856,Carlos Martín Vigaray,Getafe,216,"['Left Back', 'Right Back', 'Right Center Back', 'Left Center Back']",14
6860,Mariano Damián Barbosa,Villarreal,222,['Goalkeeper'],2
6861,Juan Torres Ruiz,Getafe,216,"['Left Center Back', 'Right Center Back', 'Right Back']",22
6862,Cédric Bakambu,Villarreal,222,"['Right Center Forward', 'Left Center Forward', 'Right Center Midfield', 'Right Wing', 'Center Forward']",34
6865,Francisco José Molinero Calderón,Real Betis,218,"['Left Back', 'Right Back', 'Right Wing']",20
6867,Papa Kouly Diop,Espanyol,214,"['Right Defensive Midfield', 'Left Defensive Midfield', 'Left Center Back', 'Center Defensive Midfield', 'Right Center Midfield', 'Left Center Midfield']",30
6869,Alejandro Arribas Garrido,RC Deportivo La Coruña,219,"['Right Center Back', 'Left Center Back']",31
6872,Bruno González Cabrera,Real Betis,218,"['Left Center Back', 'Right Center Back', 'Left Back', 'Right Back']",32
6873,Francisco Portillo Soler,Real Betis,218,"['Left Midfield', 'Left Center Midfield', 'Center Attacking Midfield', 'Left Wing', 'Right Defensive Midfield', 'Right Midfield', 'Left Back', 'Right Wing']",19
6878,Miguel Torres Gómez,Málaga,223,"['Left Back', 'Left Center Back', 'Right Back']",23
6880,Arnaldo Antonio Sanabria Ayala,Sporting Gijón,1041,"['Left Center Forward', 'Center Forward', 'Center Attacking Midfield', 'Left Center Midfield', 'Right Center Forward']",29
6884,Sergio Álvarez Conde,Celta Vigo,209,['Goalkeeper'],31
6890,Andreu Fontàs Prat,Celta Vigo,209,['Left Center Back'],7
6898,Jaume Doménech Sánchez,Valencia,207,['Goalkeeper'],17
6899,Rubén Pardo Gutiérrez,Real Sociedad,210,"['Right Defensive Midfield', 'Left Defensive Midfield', 'Center Attacking Midfield', 'Right Center Midfield', 'Left Center Midfield', 'Center Defensive Midfield', 'Left Wing']",28
6906,Jon Bautista Orgilles,Real Sociedad,210,"['Center Forward', 'Left Wing']",4
6907,Pedro León Sánchez Gil,Getafe,216,"['Right Wing', 'Right Midfield', 'Left Midfield', 'Left Wing', 'Center Attacking Midfield', 'Left Defensive Midfield', 'Right Defensive Midfield', 'Right Wing Back']",31
6913,Fernando Navarro i Corbacho,RC Deportivo La Coruña,219,"['Left Back', 'Left Center Back']",35
6914,Roberto Román Triguero,Rayo Vallecano,360,"['Right Back', 'Right Center Back', 'Left Back', 'Center Back', 'Left Center Back']",29
6918,Isaac Ajayi Success,Granada,1049,"['Right Wing', 'Left Wing', 'Left Center Forward', 'Right Center Forward', 'Left Midfield', 'Right Midfield']",30
6926,Alen Halilović,Sporting Gijón,1041,"['Right Midfield', 'Right Center Forward', 'Left Center Forward', 'Center Attacking Midfield', 'Right Wing', 'Right Wing Back', 'Center Forward', 'Right Back', 'Left Defensive Midfield']",36
6927,David García Santana,Las Palmas,208,"['Right Center Back', 'Right Back']",19
6928,Pedro Taunausú Domínguez Placeres,Las Palmas,208,"['Center Attacking Midfield', 'Left Center Midfield', 'Right Center Forward', 'Right Midfield', 'Left Defensive Midfield', 'Right Center Midfield', 'Right Defensive Midfield', 'Left Midfield', 'Right Wing', 'Left Wing']",27
6929,José Vicente Gómez Umpiérrez,Las Palmas,208,"['Right Center Midfield', 'Left Defensive Midfield', 'Center Defensive Midfield', 'Left Center Forward', 'Right Defensive Midfield', 'Left Center Midfield', 'Right Center Back']",21
6932,Dani Castellano Betancor,Las Palmas,208,"['Left Wing Back', 'Left Back', 'Left Midfield']",27
6934,Jerónimo Figueroa Cabrera,Las Palmas,208,"['Right Wing', 'Left Midfield', 'Right Midfield', 'Left Defensive Midfield', 'Right Defensive Midfield', 'Center Attacking Midfield', 'Left Wing']",23
6935,Adrián Marín Gómez,Villarreal,222,"['Left Back', 'Right Center Back']",11
6998,Rafael Alcântara do Nascimento,Barcelona,217,"['Left Wing', 'Right Center Midfield', 'Right Wing', 'Center Defensive Midfield', 'Left Center Midfield']",6
7005,João Pedro Cavaco Cancelo,Valencia,207,"['Right Back', 'Right Wing', 'Right Midfield', 'Left Back', 'Left Wing Back', 'Right Center Back', 'Left Center Midfield', 'Right Wing Back']",28
7034,Mateo Pablo Musacchio,Villarreal,222,['Right Center Back'],13
7068,Marc Bartra Aregall,Barcelona,217,"['Right Center Back', 'Left Center Back', 'Left Back']",13
7105,Fabián Ariel Orellana Valenzuela,Celta Vigo,209,"['Right Wing', 'Right Midfield', 'Center Forward', 'Center Attacking Midfield', 'Left Center Midfield', 'Right Center Midfield', 'Right Defensive Midfield', 'Left Wing', 'Substitute', 'Left Midfield']",34
7141,Giuseppe Rossi,Levante UD,221,"['Left Center Forward', 'Center Forward', 'Right Center Forward']",17
7154,Sebastián Carlos Cristóforo Pepe,Sevilla,213,"['Left Defensive Midfield', 'Right Defensive Midfield', 'Right Center Midfield', 'Right Wing']",21
7158,Cristiano Biraghi,Granada,1049,"['Left Back', 'Left Center Back', 'Left Wing Back', 'Goalkeeper']",32
7161,Germán Alejandro Pezzella,Real Betis,218,"['Right Center Back', 'Left Center Back', 'Center Back']",25
7170,Simone Verdi,Eibar,322,"['Left Wing', 'Left Midfield', 'Center Attacking Midfield', 'Left Center Midfield', 'Right Midfield', 'Right Center Forward']",9
7577,Carles Planas Antolínez,Celta Vigo,209,"['Left Back', 'Left Center Midfield', 'Left Center Back', 'Left Wing Back', 'Center Forward', 'Left Wing', 'Right Defensive Midfield']",24
7692,Mauricio Lemos Merladet,Las Palmas,208,"['Left Center Midfield', 'Right Defensive Midfield', 'Right Center Back']",10
7781,Felipe Salvador Caicedo Corozo,Espanyol,214,"['Center Forward', 'Right Center Forward', 'Left Center Forward', 'Right Wing', 'Left Wing Back', 'Left Center Midfield']",31
7782,Luis Alberto Romero Alconchel,RC Deportivo La Coruña,219,"['Center Attacking Midfield', 'Left Midfield', 'Left Wing', 'Right Midfield', 'Left Center Midfield', 'Right Center Forward', 'Left Center Forward', 'Right Wing', 'Right Center Midfield']",29
7788,Ciro Immobile,Sevilla,213,"['Center Forward', 'Right Center Forward', 'Left Center Forward']",8
7797,Rodrigo Javier De Paul,Valencia,207,"['Left Center Midfield', 'Left Defensive Midfield', 'Left Back', 'Left Wing', 'Left Attacking Midfield', 'Left Midfield']",9
7900,Tiago Manuel Dias Correia,Rayo Vallecano,360,"['Left Midfield', 'Left Wing', 'Right Wing', 'Right Wing Back', 'Left Wing Back', 'Right Back', 'Left Back', 'Center Attacking Midfield']",34
7904,Javi Castellano Betancor,Las Palmas,208,"['Left Center Midfield', 'Right Defensive Midfield']",1
7905,Raúl Lizoáin Cruz,Las Palmas,208,['Goalkeeper'],8
7906,David Simón Rodríguez Santana,Las Palmas,208,"['Right Wing Back', 'Right Back', 'Right Wing']",27
7907,Pedro Bigas Rigo,Las Palmas,208,"['Left Center Back', 'Left Back', 'Right Center Back']",27
7909,Nicolás Martín Pareja,Sevilla,213,['Right Center Back'],2
7948,Marco Andreolli,Sevilla,213,"['Right Center Back', 'Left Center Back']",7
8167,Sergio Ezequiel Araújo,Las Palmas,208,"['Center Forward', 'Left Center Forward', 'Right Center Forward', 'Left Wing', 'Center Attacking Midfield', 'Left Defensive Midfield', 'Left Midfield']",30
8234,Ignacio Camacho Barnola,Málaga,223,"['Right Defensive Midfield', 'Left Defensive Midfield', 'Left Center Midfield', 'Left Center Back']",23
8264,Adnane Tighadouini,Málaga,223,"['Right Wing', 'Left Wing', 'Left Center Forward', 'Center Forward', 'Center Attacking Midfield', 'Right Midfield', 'Right Center Forward']",10
8419,Duje Čop,Málaga,223,"['Left Center Forward', 'Right Center Forward', 'Center Attacking Midfield', 'Left Wing', 'Right Wing', 'Left Back']",31
8440,Aythami Artiles Oliva,Las Palmas,208,"['Center Back', 'Right Center Back', 'Center Defensive Midfield', 'Left Center Back']",31
8522,Armindo Tué Na Bangna,Real Sociedad,210,"['Left Midfield', 'Left Wing', 'Right Wing', 'Center Attacking Midfield', 'Left Center Forward', 'Left Defensive Midfield', 'Center Forward', 'Right Center Midfield']",32
8523,Yevhen Konoplyanka,Sevilla,213,"['Left Wing', 'Right Wing', 'Left Midfield', 'Right Midfield', 'Center Attacking Midfield', 'Right Defensive Midfield', 'Right Back', 'Left Wing Back', 'Center Forward']",32
8584,Jonathas Cristian de Jesus,Real Sociedad,210,"['Left Center Forward', 'Center Forward', 'Left Wing', 'Center Attacking Midfield']",27
8697,Andrés Eduardo Fernández Moreno,Granada,1049,['Goalkeeper'],37
8724,Carlos Martínez Díez,Real Sociedad,210,"['Right Back', 'Right Center Back']",9
8801,Iván López Mendoza,Levante UD,221,"['Right Wing Back', 'Right Back']",13
8803,Daniel Giménez Hernández,Real Betis,218,['Goalkeeper'],3
8818,Jorge Meré Pérez,Sporting Gijón,1041,"['Right Center Back', 'Left Center Back', 'Center Back']",25
8866,Carlos Fernández Luna,Sevilla,213,['Left Center Forward'],1
9246,Patrick Ebert,Rayo Vallecano,360,"['Right Midfield', 'Right Center Forward', 'Left Midfield', 'Center Attacking Midfield', 'Left Wing', 'Right Wing']",9
9403,Izet Hajrović,Eibar,322,"['Left Wing', 'Right Midfield', 'Right Wing', 'Left Midfield']",7
9462,José Ignacio Peleteiro Ramallo,Eibar,322,"['Left Midfield', 'Right Wing', 'Center Attacking Midfield', 'Right Midfield', 'Left Wing', 'Left Center Forward']",13
10037,Danilo Barbosa da Silva,Valencia,207,"['Right Center Midfield', 'Left Center Midfield', 'Center Midfield', 'Center Defensive Midfield', 'Left Defensive Midfield', 'Right Defensive Midfield']",19
10476,Timothée Kolodziejczak,Sevilla,213,"['Left Center Back', 'Left Back', 'Center Back', 'Right Center Back']",29
10609,Jérémy Mathieu,Barcelona,217,"['Left Center Back', 'Left Back']",21
10612,Yoel Rodríguez Oterino,Rayo Vallecano,360,"['Goalkeeper', 'Substitute']",10
10727,Răzvan Dincă Raț,Rayo Vallecano,360,['Left Back'],10
10754,Héctor Hernández Ortega,Real Sociedad,210,"['Left Midfield', 'Left Back', 'Center Forward', 'Right Back', 'Left Wing', 'Left Center Midfield']",13
10755,Jonathan Viera Ramos,Las Palmas,208,"['Left Wing', 'Right Center Forward', 'Left Midfield', 'Right Center Midfield', 'Left Center Forward', 'Center Forward', 'Center Attacking Midfield', 'Right Wing', 'Left Defensive Midfield', 'Left Center Midfield', 'Right Defensive Midfield']",36
10763,Asier Riesgo Unamuno,Eibar,322,['Goalkeeper'],34
10802,André Filipe Tavares Gomes,Valencia,207,"['Left Center Midfield', 'Center Attacking Midfield', 'Right Wing', 'Right Center Midfield', 'Left Attacking Midfield', 'Right Defensive Midfield', 'Center Defensive Midfield', 'Left Wing', 'Left Defensive Midfield', 'Left Midfield', 'Substitute']",30
10852,Miguel Filipe Nunes Cardoso,RC Deportivo La Coruña,219,"['Right Center Midfield', 'Left Wing', 'Right Wing']",3
10868,Ricardo Jorge Luz Horta,Málaga,223,"['Right Midfield', 'Left Midfield', 'Right Wing', 'Left Wing', 'Center Attacking Midfield', 'Left Center Forward']",17
10881,Diogo José Rosário Gomes Figueiras,Sevilla,213,"['Right Wing', 'Right Midfield', 'Right Back']",4
11094,Arda Turan,Barcelona,217,"['Left Center Midfield', 'Right Wing', 'Right Center Midfield', 'Left Wing']",18
11146,Luis Carlos Fariña Olivera,Rayo Vallecano,360,"['Right Center Forward', 'Center Attacking Midfield']",3
11212,Fábio Ricardo Gomes Fonseca,Málaga,223,"['Right Wing', 'Left Defensive Midfield']",2
11298,José Ignacio Martínez García,Rayo Vallecano,360,"['Left Back', 'Right Back', 'Left Center Back']",22
11537,Alberto García Cabrera,Sporting Gijón,1041,['Goalkeeper'],6
11539,Adrián Embarba Blázquez,Rayo Vallecano,360,"['Left Wing', 'Right Wing', 'Right Center Midfield', 'Center Attacking Midfield', 'Right Midfield', 'Right Wing Back', 'Right Defensive Midfield', 'Left Back', 'Left Midfield', 'Left Center Midfield', 'Left Wing Back']",28
11542,Javier Guerra Rodríguez,Rayo Vallecano,360,"['Center Forward', 'Right Center Forward', 'Center Attacking Midfield', 'Right Defensive Midfield', 'Left Center Forward']",30
11543,José Antonio Dorado Ramírez,Rayo Vallecano,360,"['Right Center Back', 'Left Wing', 'Left Center Back', 'Left Defensive Midfield', 'Left Back']",10
11634,Cristiano Piccini,Real Betis,218,"['Right Back', 'Right Midfield']",16
11675,Moisés Gómez Bordonado,Getafe,216,"['Right Defensive Midfield', 'Left Wing', 'Right Wing', 'Right Center Forward', 'Center Attacking Midfield', 'Left Midfield', 'Right Midfield', 'Right Center Midfield', 'Left Center Midfield']",22
11813,Emiliano Buendía,Getafe,216,"['Center Attacking Midfield', 'Left Wing', 'Center Forward', 'Right Wing', 'Left Center Forward', 'Right Back', 'Left Defensive Midfield', 'Right Center Midfield', 'Center Defensive Midfield']",17
12021,Óliver Torres Muñoz,Atlético Madrid,212,"['Right Midfield', 'Left Wing', 'Left Midfield', 'Right Wing', 'Center Attacking Midfield', 'Center Defensive Midfield', 'Left Center Midfield', 'Left Center Forward', 'Right Center Forward', 'Right Center Midfield']",21
12191,Gorka Elustondo Urkola,Athletic Club,215,"['Right Center Back', 'Right Center Midfield', 'Right Defensive Midfield', 'Left Defensive Midfield', 'Left Wing', 'Left Center Back']",11
12349,Wilfried Aimeric Zahibo,Valencia,207,"['Right Defensive Midfield', 'Left Defensive Midfield']",2
13107,Sergio Álvarez Díaz,Sporting Gijón,1041,"['Right Defensive Midfield', 'Right Center Midfield', 'Center Defensive Midfield', 'Left Defensive Midfield']",27
13552,Borja Fernández Fernández,Celta Vigo,209,"['Center Forward', 'Center Attacking Midfield', 'Right Defensive Midfield', 'Right Wing', 'Left Defensive Midfield']",4
15297,Mickaël Ciani,Espanyol,214,"['Right Center Back', 'Left Center Back']",2
15602,Juan Carlos Valerón Santana,Las Palmas,208,"['Right Center Midfield', 'Left Center Midfield', 'Right Wing', 'Center Attacking Midfield', 'Left Defensive Midfield', 'Right Center Forward', 'Center Forward', 'Right Defensive Midfield', 'Left Center Back', 'Right Midfield']",13
15805,Hernán Daniel Santana Trujillo,Las Palmas,208,"['Right Center Midfield', 'Center Defensive Midfield', 'Right Defensive Midfield', 'Left Defensive Midfield', 'Left Center Midfield', 'Right Center Back', 'Left Center Back', 'Right Midfield']",18
15893,Víctor Rodríguez Romero,Getafe,216,"['Left Wing', 'Center Attacking Midfield', 'Right Wing', 'Left Midfield', 'Right Center Midfield', 'Left Defensive Midfield', 'Left Center Midfield', 'Right Midfield', 'Right Center Forward']",33
16073,Aras Özbiliz,Rayo Vallecano,360,"['Left Back', 'Left Wing', 'Center Attacking Midfield', 'Right Center Midfield', 'Right Back']",3
16332,Ognjen Vranješ,Sporting Gijón,1041,"['Right Back', 'Left Center Back']",11
16338,Uche Henry Agbo,Granada,1049,"['Center Attacking Midfield', 'Left Defensive Midfield', 'Right Center Midfield', 'Right Defensive Midfield', 'Left Center Midfield', 'Right Center Back', 'Center Defensive Midfield']",6
16426,Wanderson Maciel Sousa Campos,Getafe,216,"['Center Attacking Midfield', 'Right Defensive Midfield', 'Right Wing', 'Left Wing', 'Right Midfield', 'Left Center Midfield', 'Left Midfield', 'Right Center Forward', 'Left Defensive Midfield']",20
16456,Enzo Pablo Roco Roco,Espanyol,214,"['Left Center Back', 'Center Back', 'Left Midfield', 'Left Back', 'Left Wing', 'Right Center Back', 'Left Center Midfield']",33
16539,Diego Antonio Reyes Rosales,Real Sociedad,210,"['Right Center Back', 'Center Defensive Midfield', 'Left Center Back', 'Right Defensive Midfield', 'Left Defensive Midfield']",27
16622,Mikel González de Martín Martínez,Real Sociedad,210,"['Left Center Back', 'Right Center Back', 'Right Defensive Midfield']",19
16723,Egor Filipenko,Málaga,223,"['Right Defensive Midfield', 'Left Center Back', 'Right Center Back', 'Left Midfield']",8
17054,Emiliano Daniel Velázquez Maldonado,Getafe,216,"['Right Center Back', 'Left Center Back']",11
17622,Jackson Arley Martínez Valencia,Atlético Madrid,212,"['Right Center Forward', 'Center Forward', 'Left Center Forward', 'Right Wing']",15
18398,Omar Mascarell González,Sporting Gijón,1041,"['Right Defensive Midfield', 'Left Defensive Midfield', 'Center Attacking Midfield', 'Center Defensive Midfield', 'Right Center Back', 'Right Back']",26
18404,José Ángel Crespo Rincón,Rayo Vallecano,360,"['Left Center Back', 'Center Back']",9
18407,José Alberto Cañas Ruiz Herrera,Espanyol,214,"['Right Defensive Midfield', 'Center Forward', 'Center Defensive Midfield', 'Left Defensive Midfield', 'Center Attacking Midfield', 'Right Back', 'Right Center Midfield']",13
18721,Robert Ibáñez Castro,Granada,1049,"['Right Wing', 'Left Wing', 'Center Attacking Midfield', 'Left Center Back', 'Left Center Midfield', 'Right Center Back', 'Left Center Forward', 'Right Midfield']",18
18724,Sofiane Feghouli,Valencia,207,"['Right Wing', 'Right Wing Back', 'Left Back', 'Right Midfield', 'Left Wing', 'Right Center Midfield', 'Right Defensive Midfield']",21
18867,Matías Nahuel Leiva Esquivel,Villarreal,222,"['Right Midfield', 'Left Center Forward', 'Left Midfield', 'Right Center Forward', 'Right Wing']",20
18904,Claudio Matías Kranevitter,Atlético Madrid,212,"['Center Defensive Midfield', 'Left Defensive Midfield', 'Right Defensive Midfield']",8
18925,Ignacio Cases Mora,Sporting Gijón,1041,"['Left Defensive Midfield', 'Left Center Midfield', 'Right Defensive Midfield', 'Right Center Midfield']",24
19431,Fernando Damián Tissone,Málaga,223,"['Right Defensive Midfield', 'Left Defensive Midfield', 'Right Center Midfield']",12
19454,Ricardo Miguel Moreira da Costa,Granada,1049,"['Left Center Back', 'Center Back']",14
19668,Augusto Matías Fernández,Atlético Madrid,212,"['Center Defensive Midfield', 'Left Defensive Midfield', 'Right Defensive Midfield', 'Right Center Midfield', 'Left Center Midfield', 'Left Center Forward']",28
19677,Karim Benzema,Real Madrid,220,['Center Forward'],27
19724,Rafael van der Vaart,Real Betis,218,"['Left Midfield', 'Center Attacking Midfield', 'Left Wing', 'Right Defensive Midfield', 'Right Center Forward', 'Left Center Forward']",7
20016,Kléper Laveran Lima Ferreira,Real Madrid,220,"['Right Center Back', 'Left Center Back']",21
20055,Marc-André ter Stegen,Barcelona,217,['Goalkeeper'],7
20063,Javier Ontiveros Parra,Málaga,223,"['Left Back', 'Left Midfield', 'Left Center Forward', 'Right Center Forward']",4
20064,Hugo Miguel Almeida Costa Lopes,Granada,1049,"['Right Back', 'Right Wing Back', 'Left Back']",26
20086,Stipe Pletikosa,RC Deportivo La Coruña,219,['Goalkeeper'],2
20215,Álvaro Arbeloa Coca,Real Madrid,220,"['Right Back', 'Right Center Back', 'Left Back', 'Left Center Back']",6
20542,Álvaro Negredo Sánchez,Valencia,207,"['Center Forward', 'Right Center Forward', 'Left Center Forward', 'Center Defensive Midfield', 'Center Attacking Midfield', 'Right Wing', 'Right Midfield']",25
20669,Tiago Cardoso Mendes,Atlético Madrid,212,"['Left Defensive Midfield', 'Center Defensive Midfield', 'Right Defensive Midfield', 'Left Midfield', 'Left Center Midfield', 'Right Center Forward']",14
21147,Borja Mayoral Moya,Real Madrid,220,"['Right Center Midfield', 'Center Forward', 'Left Center Forward']",6
21210,Mariano Ferreira Filho,Sevilla,213,"['Right Back', 'Left Back', 'Left Defensive Midfield', 'Right Center Back']",23
21229,Sergi Samper Montaña,Barcelona,217,['Center Defensive Midfield'],1
21877,Ignacio Monsalve Vicente,Atlético Madrid,212,['Right Center Back'],1
22102,Adriano Correia Claro,Barcelona,217,"['Left Back', 'Right Back', 'Left Center Midfield']",8
22819,Bruno Soriano Llido,Villarreal,222,"['Left Center Midfield', 'Left Defensive Midfield', 'Center Defensive Midfield', 'Right Center Midfield', 'Right Defensive Midfield']",31
23416,Stefan Šćepović,Getafe,216,"['Center Forward', 'Left Wing', 'Left Center Forward', 'Right Center Forward', 'Center Attacking Midfield', 'Right Wing']",34
23761,Alhassane Bangoura,Rayo Vallecano,360,"['Right Midfield', 'Right Wing', 'Right Back', 'Left Wing', 'Right Wing Back', 'Left Wing Back']",16
23785,Théo Bongonda Mbul''Ofeko Batombo,Celta Vigo,209,"['Left Midfield', 'Right Wing', 'Right Center Midfield', 'Left Wing', 'Left Center Back', 'Center Forward', 'Center Attacking Midfield']",22
23791,Víctor Casadesús Castaño,Levante UD,221,"['Right Center Midfield', 'Left Center Forward', 'Right Center Forward', 'Right Midfield', 'Left Wing', 'Center Attacking Midfield', 'Left Center Midfield', 'Left Midfield', 'Center Forward']",23
23799,Eddy Silvestre Pascual İsrafilov,Eibar,322,"['Right Defensive Midfield', 'Center Attacking Midfield', 'Left Defensive Midfield']",6
23800,Laureano Sanabria Ruiz,RC Deportivo La Coruña,219,"['Right Back', 'Left Back', 'Center Forward', 'Right Midfield', 'Left Center Back']",23
23802,Juan Muñoz Muñoz,Sevilla,213,"['Center Forward', 'Right Center Forward', 'Center Attacking Midfield', 'Right Wing', 'Left Center Forward', 'Right Attacking Midfield']",8
23806,Alejandro Bergantiños García,RC Deportivo La Coruña,219,"['Left Center Midfield', 'Right Center Midfield', 'Right Defensive Midfield', 'Center Defensive Midfield', 'Left Defensive Midfield', 'Center Forward', 'Center Attacking Midfield', 'Right Center Back']",22
23816,José Antonio Reyes Calderón,Sevilla,213,"['Right Wing', 'Left Wing', 'Right Midfield', 'Left Defensive Midfield', 'Center Attacking Midfield', 'Right Center Forward', 'Left Midfield']",24
23833,Borja Viguera Manzanares,Athletic Club,215,"['Right Wing', 'Left Defensive Midfield', 'Center Attacking Midfield', 'Left Attacking Midfield', 'Center Forward', 'Right Center Forward']",9
23838,Pablo Pérez Rodríguez,Sporting Gijón,1041,"['Right Midfield', 'Right Center Forward', 'Left Center Back', 'Right Wing', 'Center Forward', 'Center Attacking Midfield']",18
23843,Diego Mariño Villar,Levante UD,221,['Goalkeeper'],23
23848,Carlos Carmona Bonet,Sporting Gijón,1041,"['Right Midfield', 'Center Defensive Midfield', 'Right Center Midfield', 'Right Wing']",20
23849,Francisco José Villalba Rodrigo,Valencia,207,['Center Defensive Midfield'],1
23924,Mamadou Sylla Diallo,Espanyol,214,"['Right Defensive Midfield', 'Center Forward', 'Left Defensive Midfield', 'Left Center Forward', 'Right Center Forward', 'Right Midfield', 'Right Wing Back']",13
23930,Ikechukwu Uche,Málaga,223,"['Right Midfield', 'Right Center Forward', 'Left Center Forward']",3
23936,Antonio Jesús Cotán Pérez,Sevilla,213,['Right Defensive Midfield'],1
23943,Rubén García Santos,Levante UD,221,"['Left Center Midfield', 'Right Center Midfield', 'Left Center Back', 'Left Wing', 'Left Midfield', 'Right Wing', 'Right Midfield', 'Substitute', 'Left Center Forward']",22
23970,José María Martín-Bejarano Serrano,Levante UD,221,"['Right Center Midfield', 'Center Defensive Midfield', 'Left Defensive Midfield', 'Left Center Midfield', 'Left Center Back']",12
23972,José Joaquín Matos García,Sevilla,213,['Left Back'],1
23974,Roberto Antonio Correa Silva,Espanyol,214,"['Right Back', 'Right Wing']",7
23994,Alejandro Menéndez Díez,Sporting Gijón,1041,"['Left Midfield', 'Left Back', 'Left Wing', 'Right Wing']",21
24035,Álvaro Vázquez García,Getafe,216,"['Center Forward', 'Center Attacking Midfield', 'Left Wing', 'Left Center Forward', 'Right Center Forward']",34
24070,Saúl Berjón Pérez,Eibar,322,"['Left Wing', 'Right Wing', 'Right Midfield', 'Left Midfield', 'Left Center Forward', 'Left Defensive Midfield', 'Right Wing Back', 'Center Forward']",29
24072,Salvador Sevilla López,Espanyol,214,"['Center Attacking Midfield', 'Right Midfield', 'Right Center Midfield', 'Left Midfield', 'Center Forward', 'Right Defensive Midfield', 'Left Wing', 'Left Defensive Midfield', 'Left Center Forward', 'Left Center Midfield']",15
24086,Antonio José Raillo Arenas,Espanyol,214,"['Left Center Back', 'Right Center Back']",4
24132,Francisco Miguel Varela Martín,Real Betis,218,"['Left Back', 'Right Back', 'Left Wing']",14
24138,Joaquín José Marín Ruiz,Rayo Vallecano,360,"['Right Back', 'Right Wing', 'Left Wing', 'Right Center Back', 'Left Center Back', 'Left Back']",27
24143,Álvaro Vadillo Cifuentes,Real Betis,218,"['Left Defensive Midfield', 'Right Midfield', 'Left Wing']",3
24144,Ángel Montoro Sánchez,Las Palmas,208,"['Right Defensive Midfield', 'Left Center Midfield', 'Left Defensive Midfield', 'Right Center Midfield', 'Center Defensive Midfield']",9
24149,José Antonio García Rabasco,Levante UD,221,"['Center Defensive Midfield', 'Left Center Midfield', 'Right Center Midfield', 'Right Wing', 'Center Attacking Midfield', 'Left Midfield', 'Right Defensive Midfield', 'Left Defensive Midfield', 'Right Midfield']",29
24162,Xavier Torres Buigues,Real Betis,218,"['Right Defensive Midfield', 'Right Center Forward', 'Left Defensive Midfield', 'Left Midfield', 'Right Center Midfield', 'Center Attacking Midfield']",12
24173,Carlos Castro García,Sporting Gijón,1041,"['Center Forward', 'Right Center Forward', 'Right Wing', 'Left Center Forward', 'Left Wing Back', 'Left Wing', 'Center Attacking Midfield', 'Left Midfield']",25
24234,Juan Domínguez Lamas,RC Deportivo La Coruña,219,"['Right Midfield', 'Left Center Midfield', 'Right Defensive Midfield', 'Right Center Forward']",5
24249,Juan Muñiz Gallego,Sporting Gijón,1041,"['Right Center Forward', 'Right Midfield', 'Left Midfield', 'Left Wing']",4
24255,Juan Carlos Martín Corral,Rayo Vallecano,360,['Goalkeeper'],21
24263,Ismael López Blanco,Sporting Gijón,1041,"['Left Back', 'Left Wing', 'Left Wing Back', 'Right Wing']",31
24277,Vincenzo Renato Rennella,Real Betis,218,"['Right Center Forward', 'Right Midfield', 'Left Center Forward', 'Right Defensive Midfield', 'Center Attacking Midfield']",6
24318,Alberto Guitián Ceballos,Sporting Gijón,1041,['Right Center Back'],1
24453,Josip Radošević,Eibar,322,"['Left Center Midfield', 'Center Attacking Midfield', 'Left Defensive Midfield', 'Right Defensive Midfield', 'Right Center Midfield']",8
24508,Manuel Castellano Castro,Eibar,322,"['Left Back', 'Right Center Back', 'Right Back', 'Left Center Back']",10
24577,Salvador Ruiz Rodríguez,Granada,1049,['Left Back'],2
24578,Francisco Montañés Claverías,Espanyol,214,"['Right Wing', 'Right Midfield', 'Right Center Back', 'Left Midfield', 'Left Center Forward', 'Left Wing', 'Right Center Midfield']",7
24686,Roberto Canella Suárez,Sporting Gijón,1041,['Left Back'],9
24711,David Carmona Sierra,Sevilla,213,['Right Back'],1
24782,Jonhatan Montiel Caballero,Rayo Vallecano,360,"['Right Wing', 'Left Wing', 'Right Center Back', 'Right Defensive Midfield', 'Center Attacking Midfield', 'Left Wing Back', 'Right Center Midfield']",8
24783,Javier Márquez Moreno,Granada,1049,"['Left Defensive Midfield', 'Center Attacking Midfield', 'Left Wing', 'Right Defensive Midfield', 'Left Center Midfield', 'Right Center Midfield', 'Right Midfield']",19
25057,Alejandro Barrera García,Sporting Gijón,1041,"['Right Back', 'Center Attacking Midfield', 'Center Forward', 'Left Wing', 'Left Back', 'Right Center Forward']",5
25126,Nicolás Federico López Alonso,Granada,1049,"['Left Wing', 'Center Attacking Midfield', 'Right Wing', 'Center Forward', 'Right Midfield']",8
25134,Deyverson Brum Silva Acosta,Levante UD,221,"['Left Center Forward', 'Right Wing', 'Right Center Forward', 'Center Forward', 'Left Wing', 'Center Defensive Midfield', 'Right Defensive Midfield']",33
25144,Diego Alves Carreira,Valencia,207,['Goalkeeper'],13
25707,Francisco Manuel Rico Castro,Granada,1049,"['Left Defensive Midfield', 'Center Attacking Midfield', 'Left Wing', 'Right Defensive Midfield', 'Center Defensive Midfield', 'Right Center Midfield', 'Right Wing', 'Right Midfield']",28
25824,Ángel Trujillo Canorea,Levante UD,221,['Right Center Back'],8
25859,Sérgio Paulo Barbosa Valente,Málaga,223,"['Right Midfield', 'Right Wing', 'Left Wing', 'Center Attacking Midfield', 'Left Defensive Midfield', 'Right Center Forward', 'Left Midfield', 'Left Center Forward', 'Left Center Back', 'Substitute']",27
25881,Juan Antonio Rodríguez Villamuela,Getafe,216,"['Right Defensive Midfield', 'Left Defensive Midfield', 'Center Defensive Midfield', 'Right Center Midfield', 'Right Center Back', 'Left Center Back', 'Left Center Midfield']",32
25921,Rubén Gracia Calmache,RC Deportivo La Coruña,219,"['Left Wing', 'Right Wing', 'Right Back', 'Right Midfield', 'Left Midfield', 'Left Wing Back', 'Center Attacking Midfield', 'Left Defensive Midfield', 'Left Back']",18
25984,Ángel Domingo López Ruano,Las Palmas,208,"['Left Defensive Midfield', 'Center Attacking Midfield', 'Right Defensive Midfield']",3
25997,Jonás Manuel Gutiérrez,RC Deportivo La Coruña,219,"['Right Center Forward', 'Left Wing', 'Right Back', 'Right Midfield', 'Right Wing', 'Goalkeeper', 'Left Midfield', 'Left Back']",15
26009,Roberto Soldado Rillo,Villarreal,222,"['Left Center Forward', 'Right Center Forward', 'Center Forward']",28
26012,David Navarro Pedrós,Levante UD,221,"['Right Center Back', 'Left Center Back']",20
26020,Ángel Lafita Castillo,Getafe,216,"['Right Wing', 'Left Wing', 'Right Midfield', 'Left Midfield']",14
26023,Juan Francisco García García,Levante UD,221,"['Left Center Back', 'Substitute', 'Left Back']",21
26070,Antonio Rodríguez Martínez,Rayo Vallecano,360,['Goalkeeper'],10
26087,Carlos Gurpegi Nausia,Athletic Club,215,"['Right Center Back', 'Left Center Back', 'Center Back', 'Right Back']",15
26103,Idriss Carlos Kameni,Málaga,223,['Goalkeeper'],28
26107,Alberto Lopo García,RC Deportivo La Coruña,219,"['Right Center Back', 'Center Back']",10
26209,Manuel Pablo García Díaz,RC Deportivo La Coruña,219,"['Left Center Back', 'Left Back', 'Right Back']",3
26211,Joan Verdú Fernández,Levante UD,221,"['Left Defensive Midfield', 'Right Midfield', 'Left Midfield', 'Left Wing', 'Left Attacking Midfield', 'Left Back', 'Center Attacking Midfield']",13
26222,José Eduardo Rosa Vale de Castro,Rayo Vallecano,360,"['Left Center Back', 'Right Center Back', 'Center Back']",22
26248,David Barral Torres,Granada,1049,"['Left Wing', 'Center Attacking Midfield', 'Center Forward', 'Left Center Forward', 'Right Center Forward']",14
26256,Igor Lichnovsky Osorio,Sporting Gijón,1041,"['Right Center Back', 'Left Center Back']",2
26288,Jonathan Javier Rodríguez Portillo,RC Deportivo La Coruña,219,"['Right Wing', 'Center Forward', 'Right Center Forward', 'Left Center Forward', 'Left Wing', 'Left Defensive Midfield', 'Left Center Midfield', 'Right Midfield', 'Left Midfield']",13
26387,Edgar Antonio Méndez Ortega,Granada,1049,"['Left Wing', 'Right Wing', 'Left Back', 'Left Midfield', 'Left Wing Back', 'Right Wing Back', 'Right Midfield', 'Left Center Forward', 'Left Center Midfield']",15
26448,Javier Garrido Behovide,Las Palmas,208,"['Left Back', 'Left Center Back']",18
26518,Enrique Sola Clemente,Athletic Club,215,"['Center Forward', 'Left Center Forward', 'Center Attacking Midfield']",5
26607,José Raúl Baena Urdiales,Rayo Vallecano,360,"['Left Defensive Midfield', 'Right Defensive Midfield', 'Right Center Midfield', 'Right Center Back', 'Left Center Midfield', 'Left Center Back', 'Center Defensive Midfield', 'Center Attacking Midfield', 'Left Back']",24
26633,Alberto Lora Ramos,Sporting Gijón,1041,"['Right Back', 'Right Center Back', 'Center Forward', 'Right Center Forward', 'Right Wing Back', 'Right Midfield', 'Left Center Forward', 'Left Center Midfield']",31
26647,Henok Goitom,Getafe,216,"['Left Center Midfield', 'Left Center Forward', 'Center Forward', 'Right Center Forward']",2
26669,Weligton Róbson Pena de Oliveira,Málaga,223,"['Left Center Back', 'Right Center Back']",30
26685,Nicolás Ladislao Fedor Flores,Rayo Vallecano,360,"['Right Center Forward', 'Center Forward', 'Center Attacking Midfield', 'Center Defensive Midfield', 'Left Center Forward', 'Left Midfield', 'Left Wing', 'Left Defensive Midfield', 'Right Center Midfield']",22
26689,Nauzet Alemán Viera,Las Palmas,208,"['Right Wing', 'Right Midfield', 'Left Wing', 'Left Defensive Midfield']",10
26690,Alberto Mateus Contreiras Gonçalves,Rayo Vallecano,360,"['Left Center Forward', 'Center Forward', 'Right Back', 'Right Wing', 'Center Attacking Midfield', 'Left Defensive Midfield', 'Right Center Forward', 'Left Midfield']",28
26723,Álvaro Cejudo Carmona,Real Betis,218,"['Right Midfield', 'Left Midfield', 'Right Wing', 'Left Wing', 'Right Back', 'Right Center Back']",30
26736,Borja Ekiza Imaz,Eibar,322,"['Right Back', 'Left Center Back']",4
26753,Javier Varas Herrera,Las Palmas,208,['Goalkeeper'],31
26764,Jon Ansotegi Gorostola,Eibar,322,"['Left Center Back', 'Center Forward', 'Left Center Forward', 'Right Center Back']",8
26775,Thievy Guivane Bifouma Koulossa,Granada,1049,"['Left Wing', 'Center Forward', 'Right Back', 'Right Wing']",7
26776,Juan Isaac Cuenca López,Granada,1049,"['Right Wing', 'Left Wing', 'Right Defensive Midfield', 'Right Midfield', 'Left Midfield']",12
26780,Guilherme Magdalena Siqueira,Valencia,207,"['Left Back', 'Left Center Back']",15
26781,Diego Mainz García,Granada,1049,"['Left Center Back', 'Right Center Back', 'Center Back']",5
26783,Roque Luis Santa Cruz Cantero,Málaga,223,"['Center Forward', 'Right Center Forward', 'Left Midfield', 'Left Center Forward', 'Right Midfield']",17
26797,Francisco Medina Luna,Rayo Vallecano,360,"['Left Wing', 'Center Attacking Midfield', 'Right Wing', 'Center Forward', 'Center Defensive Midfield', 'Right Midfield', 'Right Center Midfield']",16
26801,Jordi Figueras Montel,Real Betis,218,"['Center Attacking Midfield', 'Left Center Back']",3
26848,Roberto Trashorras Gayoso,Rayo Vallecano,360,"['Right Defensive Midfield', 'Left Defensive Midfield', 'Left Center Midfield', 'Right Center Midfield', 'Center Defensive Midfield', 'Center Attacking Midfield']",36
26941,Francisco Javier García Noblejas Hernanz,Getafe,216,['Left Back'],1
27052,Lévy Clément Madinda,Celta Vigo,209,['Right Wing'],1
27054,Roberto Lago Soto,Getafe,216,['Left Back'],17
27092,Abdoul Karim Yoda,Getafe,216,"['Right Wing', 'Left Back', 'Left Wing', 'Center Attacking Midfield', 'Right Midfield', 'Left Center Forward', 'Center Forward', 'Left Wing Back', 'Left Center Midfield']",18
27109,Youssef El-Arabi,Granada,1049,"['Center Forward', 'Right Wing', 'Left Wing', 'Left Center Forward', 'Right Center Forward', 'Left Center Midfield']",35
27111,António Alberto Bastos Pimparel,Sevilla,213,['Goalkeeper'],4
27122,Simão Mate,Levante UD,221,"['Center Back', 'Right Center Back', 'Center Defensive Midfield', 'Left Defensive Midfield', 'Left Center Back', 'Right Center Midfield', 'Left Center Midfield', 'Right Defensive Midfield', 'Right Midfield', 'Right Center Forward']",30
27123,Jordi Xumetra Feliu,Levante UD,221,"['Left Center Midfield', 'Right Midfield', 'Left Wing', 'Center Forward', 'Right Wing', 'Left Midfield', 'Left Defensive Midfield']",13
27144,Antonio Amaya Carazo,Rayo Vallecano,360,"['Left Center Back', 'Right Center Back', 'Right Defensive Midfield', 'Left Wing', 'Left Defensive Midfield']",17
27148,Abraham González Casanova,Espanyol,214,"['Left Wing', 'Right Defensive Midfield', 'Left Wing Back', 'Center Attacking Midfield', 'Left Defensive Midfield', 'Left Center Forward', 'Left Center Midfield', 'Left Midfield', 'Right Wing Back', 'Right Center Midfield']",20
27154,Nikolaos Karabelas,Levante UD,221,['Left Back'],1
27155,Bojan Jokić,Villarreal,222,['Left Back'],2
27184,Marcos Alberto Angeleri,Málaga,223,"['Left Center Back', 'Right Center Back']",13
27239,Aleksandar Pantić,Eibar,322,"['Left Center Back', 'Right Back', 'Right Center Back']",20
27240,Jesús Fernández Collado,Granada,1049,['Goalkeeper'],1
27241,Víctor Guillermo Álvarez Delgado,Espanyol,214,"['Left Wing', 'Left Back', 'Left Midfield', 'Left Wing Back', 'Right Wing']",27
27243,Oriol Riera Magem,RC Deportivo La Coruña,219,"['Left Wing', 'Right Center Forward', 'Left Midfield', 'Center Attacking Midfield', 'Right Wing', 'Left Center Forward', 'Center Forward', 'Right Center Midfield', 'Left Back']",22
27250,Nabil Ghilas,Levante UD,221,"['Right Center Forward', 'Center Forward', 'Left Center Forward', 'Left Midfield', 'Left Wing Back', 'Right Center Midfield', 'Right Center Back', 'Right Wing']",20
27251,Francisco José Perdomo Borges,Las Palmas,208,"['Right Back', 'Right Wing', 'Right Midfield', 'Left Midfield']",8
27305,Germán Darío Lux,RC Deportivo La Coruña,219,['Goalkeeper'],29
27318,Douglas Pereira dos Santos,Barcelona,217,['Right Back'],1
27335,Arthur Etienne Boka,Málaga,223,"['Left Back', 'Left Midfield']",14
27340,Dejan Dražić,Celta Vigo,209,"['Right Wing', 'Left Wing', 'Left Midfield']",6
27341,Marcelo Alfonso Díaz Rojas,Celta Vigo,209,"['Left Defensive Midfield', 'Left Center Midfield', 'Center Defensive Midfield', 'Center Forward', 'Right Defensive Midfield']",14
27342,Josep Señé Escudero,Celta Vigo,209,"['Right Center Midfield', 'Right Wing', 'Left Wing', 'Center Forward', 'Center Attacking Midfield', 'Left Defensive Midfield', 'Right Midfield']",9
27345,Didier Digard,Real Betis,218,"['Left Midfield', 'Right Defensive Midfield', 'Center Defensive Midfield', 'Center Attacking Midfield', 'Right Center Midfield', 'Left Center Midfield', 'Left Defensive Midfield', 'Left Center Back', 'Left Center Forward']",8
27346,Petros Matheus dos Santos Araújo,Real Betis,218,"['Left Defensive Midfield', 'Right Defensive Midfield', 'Right Center Midfield', 'Left Center Midfield', 'Left Center Back', 'Center Attacking Midfield', 'Left Back', 'Center Defensive Midfield']",30
27347,Juan Manuel Vargas Risco,Real Betis,218,"['Left Back', 'Left Midfield', 'Left Wing']",20
27348,Ricky van Wolfswinkel,Real Betis,218,"['Right Center Forward', 'Center Forward', 'Left Center Midfield', 'Substitute', 'Left Midfield', 'Center Attacking Midfield', 'Left Center Forward', 'Left Back']",17
27349,Heiko Westermann,Real Betis,218,"['Left Center Back', 'Right Center Back']",20
27401,Bernard Mensah,Getafe,216,"['Left Wing', 'Left Defensive Midfield', 'Right Defensive Midfield', 'Center Attacking Midfield', 'Right Midfield', 'Right Center Midfield']",8
27402,Álvaro Daniel Pereira Barragán,Getafe,216,['Left Back'],6
27403,Santiago Vergini,Getafe,216,"['Right Center Back', 'Left Back', 'Right Back', 'Left Center Back', 'Center Back']",26
27457,Manuel Fernández Muñíz,RC Deportivo La Coruña,219,"['Goalkeeper', 'Substitute']",9
27462,Xabier Iruretagoiena Aranzamendi,Eibar,322,['Goalkeeper'],4
27463,Mauricio Andrés Cuero Castillo,Levante UD,221,"['Right Wing', 'Right Midfield', 'Left Wing', 'Right Center Midfield', 'Left Midfield', 'Left Back', 'Left Center Forward', 'Right Back', 'Right Center Forward', 'Right Attacking Midfield']",13
27480,Lucas Alfonso Orbán Alegre,Levante UD,221,"['Left Back', 'Right Back']",10
27481,Carlos Carbonell Gil,Valencia,207,['Left Wing'],1
27482,Aderllan Leandro de Jesus Santos,Valencia,207,"['Right Center Back', 'Left Center Back', 'Center Back']",17
27483,Benoît Trémoulinas,Sevilla,213,"['Left Back', 'Left Center Back']",24
27521,Juan Emmanuel Culio,Las Palmas,208,"['Left Center Midfield', 'Left Defensive Midfield', 'Left Center Forward', 'Right Center Forward', 'Center Defensive Midfield', 'Center Attacking Midfield', 'Right Center Midfield', 'Right Defensive Midfield']",12
27522,Antolín Alcáraz Viveros,Las Palmas,208,"['Right Center Back', 'Left Center Back']",6
27526,Rachid Aït-Atmane,Sporting Gijón,1041,"['Right Center Forward', 'Left Defensive Midfield', 'Right Defensive Midfield', 'Center Forward', 'Center Attacking Midfield', 'Right Center Midfield', 'Left Center Forward', 'Right Wing']",18
27656,Carl Medjani,Levante UD,221,"['Left Center Back', 'Right Center Back']",14
27970,Ian González Nieto,Getafe,216,['Right Wing'],1
30429,Hugo Fraile Martín,Sporting Gijón,1041,['Right Wing'],3
30454,Francisco José Sánchez Rodríguez,Sevilla,213,"['Right Wing', 'Left Wing', 'Right Midfield', 'Left Center Midfield']",4
31467,Eneko Capilla González,Real Sociedad,210,['Left Wing'],1
31469,Andrés Pascual Santoja,Valencia,207,"['Right Wing', 'Left Wing']",1
31904,Giedrius Arlauskis,Espanyol,214,['Goalkeeper'],3
34728,Diego Alende López,Celta Vigo,209,['Right Center Back'],1
37212,Leandro Damião da Silva dos Santos,Real Betis,218,"['Right Center Forward', 'Left Wing', 'Center Forward']",3
40822,Daniel Arnaud N''Di	,Sporting Gijón,1041,"['Center Attacking Midfield', 'Left Center Forward', 'Center Forward', 'Right Wing', 'Right Center Forward', 'Left Wing']",15
43354,Chengdong Zhang,Rayo Vallecano,360,['Left Center Back'],1
49433,Hachim Mastour,Málaga,223,['Center Attacking Midfield'],1
75537,David Goldar Gómez,Celta Vigo,209,['Right Center Back'],1
79615,Néstor Díaz García,Celta Vigo,209,['Goalkeeper'],1
158769,Ivan Kelava,Granada,1049,['Substitute'],1
166764,Ander Gayoso Reina,Eibar,322,['Left Back'],1
186264,Foued Kadir,Real Betis,218,"['Right Defensive Midfield', 'Right Wing', 'Right Midfield', 'Center Attacking Midfield']",8
197493,Mikel Arruabarrena Aranbide,Eibar,322,"['Center Attacking Midfield', 'Right Defensive Midfield', 'Center Forward', 'Left Center Forward']",6
197562,Iñigo Barrenetxea García,Eibar,322,"['Left Defensive Midfield', 'Right Midfield']",2
197595,Sergio Mendigutxia Iglesias,Sporting Gijón,1041,"['Center Forward', 'Right Wing']",1
220761,Miguel Ángel Muñoz Alonso,Getafe,216,['Right Back'],3
