player_id,player,ultimo_equipo,ultimo_team_id,posiciones,partidos_jugados,overall,potential,value_eur,wage_eur,age,dob,height_cm,weight_kg,club_jersey_number,club_loaned_from,club_contract_valid_until,nationality_id,nationality_name,preferred_foot,release_clause_eur
2968,Elias Kachunga,Ingolstadt,189,"['Right Wing', 'Right Center Forward', 'Left Wing', 'Center Forward', 'Left Center Midfield']",10,70,76,1900000.0,20000.0,23,1992-04-22,178,74,25.0,,2019.0,21,Germany,Right,
3016,Allan Saint-Maximin,Hannover 96,178,"['Center Attacking Midfield', 'Right Center Forward', 'Left Midfield', 'Right Midfield', 'Left Wing', 'Right Wing', 'Right Wing Back', 'Center Forward', 'Left Center Forward']",16,64,81,850000.0,2000.0,18,1997-03-12,173,67,14.0,AS Monaco,2016.0,18,France,Right,
3053,Leroy Sané,Schalke 04,181,"['Left Wing', 'Right Midfield', 'Left Midfield', 'Right Wing', 'Left Center Midfield', 'Left Wing Back', 'Right Center Midfield', 'Right Wing Back', 'Right Center Forward', 'Left Attacking Midfield', 'Right Attacking Midfield', 'Center Attacking Midfield']",33,70,83,2300000.0,25000.0,19,1996-01-11,183,75,19.0,,2019.0,21,Germany,Left,
3058,Javier Hernández Balcázar,Bayer Leverkusen,904,"['Center Attacking Midfield', 'Right Center Forward', 'Center Forward', 'Left Center Forward']",28,80,80,15000000.0,110000.0,27,1988-06-01,175,71,7.0,,2018.0,83,Mexico,Right,
3097,Pascal Groß,Ingolstadt,189,"['Right Center Midfield', 'Right Midfield', 'Left Wing', 'Center Attacking Midfield', 'Left Center Midfield', 'Center Forward', 'Right Defensive Midfield', 'Left Center Forward']",32,75,78,5000000.0,35000.0,24,1991-06-15,181,76,10.0,,2016.0,21,Germany,Right,
3164,Marcelo Antônio Guedes Filho,Hannover 96,178,"['Right Center Back', 'Center Back']",19,75,75,3200000.0,40000.0,28,1987-05-20,191,80,25.0,,2018.0,54,Brazil,Right,
3221,Markus Suttner,Ingolstadt,189,['Left Back'],18,69,69,775000.0,10000.0,28,1987-04-16,179,73,29.0,,2018.0,4,Austria,Left,
3275,Henrikh Mkhitaryan,Borussia Dortmund,180,"['Left Wing', 'Right Wing', 'Left Center Forward', 'Center Attacking Midfield', 'Right Midfield', 'Left Midfield', 'Left Wing Back', 'Right Center Midfield', 'Left Center Back', 'Right Wing Back', 'Left Center Midfield']",31,81,83,19500000.0,110000.0,26,1989-01-21,177,75,10.0,,2017.0,3,Armenia,Right,
3499,Jean-Eric Maxim Choupo-Moting,Schalke 04,181,"['Right Midfield', 'Right Wing', 'Left Center Forward', 'Left Wing', 'Left Midfield', 'Right Center Midfield', 'Right Wing Back', 'Right Center Forward', 'Right Attacking Midfield', 'Left Wing Back', 'Left Defensive Midfield', 'Center Forward']",28,78,80,10500000.0,100000.0,26,1989-03-23,191,91,13.0,,2017.0,103,Cameroon,Right,
3500,Granit Xhaka,Borussia Mönchengladbach,185,"['Left Defensive Midfield', 'Right Defensive Midfield', 'Center Defensive Midfield', 'Right Center Midfield', 'Left Center Midfield']",28,81,85,21500000.0,80000.0,22,1992-09-27,185,82,34.0,,2019.0,47,Switzerland,Left,
3502,Joël Andre Job Matip,Schalke 04,181,"['Right Center Back', 'Center Back', 'Left Center Back', 'Left Center Forward']",34,80,83,15500000.0,90000.0,23,1991-08-08,195,90,32.0,,2016.0,103,Cameroon,Right,
3510,Sead Kolašinac,Schalke 04,181,"['Left Back', 'Left Midfield', 'Left Defensive Midfield', 'Right Defensive Midfield', 'Left Center Back', 'Left Wing', 'Left Wing Back']",23,75,80,4600000.0,50000.0,22,1993-06-20,183,85,6.0,,2017.0,8,Bosnia and Herzegovina,Left,
3545,Luiz Gustavo Dias,Wolfsburg,179,"['Left Defensive Midfield', 'Center Defensive Midfield', 'Right Defensive Midfield']",22,83,83,19000000.0,150000.0,27,1987-07-23,187,80,22.0,,2018.0,54,Brazil,Left,
3570,Pierre-Emile Højbjerg,Schalke 04,181,"['Left Center Forward', 'Center Forward', 'Left Defensive Midfield', 'Right Center Midfield', 'Right Defensive Midfield', 'Left Center Midfield', 'Left Center Back', 'Center Attacking Midfield', 'Center Defensive Midfield']",23,73,82,3900000.0,45000.0,19,1995-08-05,185,84,23.0,FC Bayern München,2016.0,13,Denmark,Right,
3630,Loris Karius,FSV Mainz 05,177,['Goalkeeper'],34,78,84,10000000.0,40000.0,22,1993-06-22,190,87,1.0,,2018.0,21,Germany,Right,
3712,Pierre-Emerick Aubameyang,Borussia Dortmund,180,"['Center Forward', 'Right Wing', 'Left Center Forward', 'Right Center Forward', 'Right Defensive Midfield']",31,82,84,24500000.0,150000.0,26,1989-06-18,187,80,17.0,,2020.0,115,Gabon,Right,
3959,Andreas Christensen,Borussia Mönchengladbach,185,"['Left Center Back', 'Right Center Back', 'Center Back', 'Right Back', 'Right Defensive Midfield', 'Left Defensive Midfield', 'Left Center Midfield']",31,63,76,525000.0,4000.0,19,1996-04-10,188,74,3.0,,2020.0,13,Denmark,Right,
4174,Ragnar Klavan,Augsburg,172,['Left Center Back'],31,77,77,5000000.0,45000.0,29,1985-10-30,187,85,5.0,,2017.0,208,Estonia,Left,
4279,Konstantinos Stafylidis,Augsburg,172,"['Left Back', 'Left Defensive Midfield', 'Left Wing Back']",11,71,79,2100000.0,20000.0,21,1993-12-02,178,73,3.0,,2017.0,22,Greece,Left,
4430,Neven Subotić,Borussia Dortmund,180,['Right Center Back'],6,80,82,14000000.0,110000.0,26,1988-12-10,191,83,4.0,,2018.0,51,Serbia,Right,
4600,Diego Orlando Benaglio,Wolfsburg,179,['Goalkeeper'],21,81,81,13000000.0,100000.0,31,1983-09-08,194,89,1.0,,2016.0,47,Switzerland,Right,
4683,Adam Hloušek,VfB Stuttgart,174,"['Left Center Back', 'Right Center Midfield', 'Left Center Forward', 'Left Wing']",7,70,72,1300000.0,25000.0,26,1988-12-20,188,76,21.0,,2018.0,12,Czech Republic,Left,
5208,Thiago Alcântara do Nascimento,Bayern Munich,169,"['Center Defensive Midfield', 'Right Wing Back', 'Left Center Midfield', 'Left Midfield', 'Left Defensive Midfield', 'Right Center Midfield', 'Left Wing', 'Right Defensive Midfield', 'Center Attacking Midfield']",27,83,87,30000000.0,130000.0,24,1991-04-11,174,70,6.0,,2019.0,45,Spain,Right,
5244,Medhi Amine El Mouttaqi Benatia,Bayern Munich,169,"['Left Center Back', 'Right Center Back', 'Center Back']",14,84,84,23000000.0,180000.0,28,1987-04-17,190,92,5.0,,2019.0,129,Morocco,Right,
5467,Leon Aderemi Balogun,FSV Mainz 05,177,"['Right Center Forward', 'Right Back', 'Right Center Back', 'Center Forward', 'Left Center Back']",21,69,70,925000.0,10000.0,27,1988-06-28,190,88,3.0,,2018.0,133,Nigeria,Right,
5481,Mathew Leckie,Ingolstadt,189,"['Left Wing', 'Left Midfield', 'Center Forward', 'Right Midfield', 'Right Wing', 'Right Center Forward', 'Left Center Forward', 'Right Center Midfield', 'Left Center Midfield']",32,73,76,3700000.0,35000.0,24,1991-02-04,181,82,7.0,,2017.0,195,Australia,Right,
5537,Fabian Lukas Schär,Hoffenheim,175,"['Right Center Back', 'Center Back', 'Left Center Forward', 'Left Center Back', 'Right Defensive Midfield', 'Center Defensive Midfield']",24,78,85,10500000.0,50000.0,23,1991-12-20,186,85,5.0,,2019.0,47,Switzerland,Right,
5543,Haris Seferović,Eintracht Frankfurt,184,"['Right Center Forward', 'Center Forward', 'Left Center Forward', 'Left Midfield', 'Right Wing', 'Center Defensive Midfield', 'Left Wing']",29,77,81,9500000.0,50000.0,23,1992-02-22,185,85,9.0,,2017.0,47,Switzerland,Left,
5544,Ricardo Iván Rodríguez Araya,Wolfsburg,179,['Left Back'],24,83,87,25500000.0,110000.0,22,1992-08-25,181,77,34.0,,2019.0,47,Switzerland,Left,
5548,Steven Zuber,Hoffenheim,175,"['Center Attacking Midfield', 'Right Center Forward', 'Left Attacking Midfield', 'Left Midfield', 'Right Center Midfield', 'Right Midfield', 'Left Wing', 'Center Forward', 'Right Center Back', 'Left Wing Back']",12,73,77,3700000.0,35000.0,23,1991-08-17,181,79,17.0,,2018.0,47,Switzerland,Right,
5550,Yann Sommer,Borussia Mönchengladbach,185,['Goalkeeper'],32,82,84,20000000.0,120000.0,26,1988-12-17,183,79,1.0,,2019.0,47,Switzerland,Right,
5555,Julian Brandt,Bayer Leverkusen,904,"['Left Midfield', 'Left Wing', 'Right Wing', 'Right Midfield', 'Right Center Forward', 'Left Wing Back', 'Center Attacking Midfield', 'Left Center Forward']",29,74,88,7000000.0,35000.0,19,1996-05-02,185,82,19.0,,2019.0,21,Germany,Right,
5557,Timo Werner,VfB Stuttgart,174,"['Right Wing Back', 'Left Midfield', 'Right Center Forward', 'Left Center Forward', 'Center Forward', 'Right Midfield', 'Right Wing']",33,72,84,3400000.0,15000.0,19,1996-03-06,180,75,19.0,,2018.0,21,Germany,Right,
5559,Marco Reus,Borussia Dortmund,180,"['Right Wing', 'Left Wing', 'Center Forward', 'Center Attacking Midfield', 'Left Center Midfield', 'Left Midfield', 'Left Center Forward']",26,86,88,45500000.0,210000.0,26,1989-05-31,180,75,11.0,,2019.0,21,Germany,Right,
5562,Thomas Müller,Bayern Munich,169,"['Right Center Midfield', 'Center Forward', 'Center Attacking Midfield', 'Right Wing Back', 'Right Wing', 'Right Midfield', 'Left Center Midfield', 'Right Attacking Midfield', 'Left Wing', 'Right Center Forward', 'Left Center Forward']",31,86,88,47500000.0,210000.0,25,1989-09-13,186,75,25.0,,2019.0,21,Germany,Right,
5569,Marvin Plattenhardt,Hertha Berlin,173,"['Left Back', 'Left Wing Back']",33,74,78,3700000.0,35000.0,23,1992-01-26,181,76,21.0,,2017.0,21,Germany,Left,
5570,Manuel Neuer,Bayern Munich,169,['Goalkeeper'],34,90,90,58000000.0,250000.0,29,1986-03-27,193,92,1.0,,2019.0,21,Germany,Right,
5572,Mats Hummels,Borussia Dortmund,180,"['Left Center Back', 'Right Defensive Midfield']",30,86,88,39000000.0,220000.0,26,1988-12-16,191,92,15.0,,2017.0,21,Germany,Right,
5578,Jérôme Boateng,Bayern Munich,169,"['Right Center Back', 'Center Back', 'Left Center Back', 'Right Center Midfield']",19,87,89,45000000.0,220000.0,26,1988-09-03,192,90,17.0,,2018.0,21,Germany,Right,
5579,Joshua Kimmich,Bayern Munich,169,"['Center Defensive Midfield', 'Left Center Midfield', 'Right Defensive Midfield', 'Right Center Midfield', 'Left Defensive Midfield', 'Right Midfield', 'Left Back', 'Right Back', 'Right Center Back', 'Left Center Back']",22,70,82,2400000.0,25000.0,20,1995-02-08,176,70,32.0,,2020.0,21,Germany,Right,
5591,Filip Kostić,VfB Stuttgart,174,"['Left Midfield', 'Left Wing Back', 'Right Midfield', 'Left Center Midfield', 'Left Center Forward', 'Left Wing']",30,77,83,9500000.0,40000.0,22,1992-11-01,184,82,18.0,,2019.0,51,Serbia,Left,
5624,Albin Ekdal,Hamburger SV,171,"['Right Center Midfield', 'Right Defensive Midfield', 'Left Defensive Midfield', 'Center Defensive Midfield']",14,75,78,5000000.0,35000.0,25,1989-07-28,186,82,20.0,,2019.0,46,Sweden,Right,
5632,Thorgan Hazard,Borussia Mönchengladbach,185,"['Left Center Forward', 'Right Center Forward', 'Left Midfield', 'Right Midfield', 'Left Center Midfield', 'Center Attacking Midfield', 'Right Wing', 'Right Center Midfield', 'Left Wing', 'Left Wing Back', 'Center Forward']",29,78,83,11000000.0,60000.0,22,1993-03-29,174,69,10.0,,2019.0,7,Belgium,Right,
5658,Łukasz Piszczek,Borussia Dortmund,180,"['Right Back', 'Center Forward', 'Left Back', 'Right Wing Back', 'Right Center Back']",20,81,81,11500000.0,100000.0,30,1985-06-03,184,79,26.0,,2017.0,37,Poland,Right,
5664,Salif Sané,Hannover 96,178,"['Left Defensive Midfield', 'Right Defensive Midfield', 'Center Defensive Midfield', 'Right Center Midfield', 'Right Center Back', 'Left Center Back']",31,77,80,7500000.0,50000.0,24,1990-08-25,196,85,5.0,,2018.0,136,Senegal,Right,
5668,Robert Lewandowski,Bayern Munich,169,"['Center Forward', 'Left Center Forward', 'Right Center Forward']",32,87,89,55000000.0,230000.0,26,1988-08-21,185,79,9.0,,2019.0,37,Poland,Right,
5837,Douglas Costa de Souza,Bayern Munich,169,"['Left Midfield', 'Right Midfield', 'Left Wing Back', 'Left Wing', 'Right Wing Back', 'Right Wing', 'Left Center Midfield', 'Right Defensive Midfield', 'Left Attacking Midfield', 'Right Center Midfield', 'Center Attacking Midfield', 'Center Forward']",27,81,85,21500000.0,100000.0,24,1990-09-14,172,65,11.0,,2020.0,54,Brazil,Left,
6039,Sebastian Rudy,Hoffenheim,175,"['Right Center Midfield', 'Right Defensive Midfield', 'Left Defensive Midfield', 'Right Midfield', 'Left Center Midfield', 'Right Wing Back', 'Right Back']",24,77,80,8500000.0,50000.0,25,1990-02-28,179,73,6.0,,2017.0,21,Germany,Right,
6040,Jonas Hector,FC Köln,186,"['Left Back', 'Left Wing Back', 'Left Defensive Midfield', 'Right Defensive Midfield', 'Left Center Back', 'Center Attacking Midfield', 'Left Center Midfield']",32,77,81,7500000.0,50000.0,25,1990-05-27,185,75,14.0,,2018.0,21,Germany,Left,
6309,Tin Jedvaj,Bayer Leverkusen,904,"['Left Defensive Midfield', 'Right Back', 'Right Center Back']",15,75,86,5500000.0,35000.0,19,1995-11-28,184,83,16.0,,2020.0,10,Croatia,Right,
6321,Milos Veljkovic,Werder Bremen,176,"['Left Midfield', 'Center Defensive Midfield', 'Right Defensive Midfield', 'Left Defensive Midfield']",3,67,72,800000.0,9000.0,25,1990-06-09,196,90,15.0,,2016.0,10,Croatia,Right,
6322,Niklas Süle,Hoffenheim,175,"['Left Center Back', 'Center Back', 'Right Center Back']",33,78,88,10500000.0,35000.0,19,1995-09-03,195,93,25.0,,2019.0,21,Germany,Right,
6324,Leon Goretzka,Schalke 04,181,"['Left Defensive Midfield', 'Center Attacking Midfield', 'Right Midfield', 'Left Center Midfield', 'Right Center Midfield', 'Right Wing', 'Right Defensive Midfield', 'Center Defensive Midfield', 'Right Wing Back', 'Left Center Back']",25,74,84,5500000.0,45000.0,20,1995-02-06,189,79,8.0,,2018.0,21,Germany,Right,
6330,Adnan Januzaj,Borussia Dortmund,180,"['Right Wing', 'Left Wing', 'Center Forward', 'Right Midfield']",6,75,86,7000000.0,45000.0,20,1995-02-05,182,75,9.0,Manchester United,2016.0,7,Belgium,Left,
6339,Gotoku Sakai,Hamburger SV,171,"['Left Back', 'Right Back']",22,72,72,1700000.0,25000.0,28,1987-01-26,185,84,40.0,,2016.0,51,Serbia,Right,
6359,Johan Danon Djourou-Gbadjere,Hamburger SV,171,['Right Center Back'],26,76,76,4100000.0,60000.0,28,1987-01-18,191,87,5.0,,2016.0,47,Switzerland,Right,
6717,Johannes Geis,Schalke 04,181,"['Right Defensive Midfield', 'Left Defensive Midfield', 'Right Center Midfield', 'Center Defensive Midfield', 'Left Center Midfield']",28,79,86,12500000.0,80000.0,21,1993-08-17,181,81,5.0,,2019.0,21,Germany,Right,
6924,Alejandro Gálvez Jimena,Werder Bremen,176,"['Left Center Midfield', 'Center Defensive Midfield', 'Center Attacking Midfield', 'Left Defensive Midfield', 'Right Center Back', 'Left Center Back', 'Center Back', 'Right Center Midfield']",21,76,79,5500000.0,60000.0,26,1989-06-06,190,79,4.0,,2017.0,45,Spain,Right,
6925,Jairo Samperio Bustara,FSV Mainz 05,177,"['Left Wing', 'Left Midfield', 'Right Center Forward', 'Right Wing', 'Center Forward', 'Left Wing Back', 'Right Midfield', 'Right Wing Back', 'Left Attacking Midfield', 'Center Attacking Midfield']",31,74,80,4600000.0,30000.0,21,1993-07-11,172,69,17.0,,2018.0,45,Spain,Right,
7016,Benedikt Höwedes,Schalke 04,181,"['Center Defensive Midfield', 'Right Center Back', 'Center Back', 'Left Center Back', 'Left Center Forward', 'Right Back']",15,83,84,21500000.0,150000.0,27,1988-02-29,187,82,4.0,,2017.0,21,Germany,Right,
7039,Hakan Çalhanoğlu,Bayer Leverkusen,904,"['Center Attacking Midfield', 'Right Defensive Midfield', 'Right Wing', 'Left Wing', 'Left Midfield', 'Left Center Forward', 'Right Midfield', 'Left Defensive Midfield', 'Right Wing Back', 'Right Attacking Midfield', 'Center Forward', 'Right Center Forward', 'Left Center Midfield']",31,79,84,14000000.0,80000.0,21,1994-02-08,178,76,10.0,,2019.0,48,Turkey,Right,
7594,Mart Ristl,VfB Stuttgart,174,"['Left Center Midfield', 'Right Defensive Midfield', 'Left Defensive Midfield']",3,58,74,230000.0,2000.0,18,1996-07-07,180,74,27.0,,2018.0,21,Germany,Right,
7846,Luc Castaignos,Eintracht Frankfurt,184,"['Left Center Forward', 'Left Midfield', 'Center Forward', 'Right Center Forward', 'Left Wing']",19,75,80,5500000.0,35000.0,22,1992-09-27,188,78,30.0,,2018.0,34,Netherlands,Right,
7852,Tim Matavž,Augsburg,172,"['Center Forward', 'Right Center Forward', 'Right Defensive Midfield', 'Center Attacking Midfield']",11,72,75,2700000.0,30000.0,26,1989-01-13,188,81,23.0,,2019.0,44,Slovenia,Right,
8060,Klaas-Jan Huntelaar,Schalke 04,181,"['Left Center Forward', 'Center Forward', 'Right Center Forward', 'Center Attacking Midfield']",31,82,82,17500000.0,140000.0,31,1983-08-12,186,83,25.0,,2017.0,34,Netherlands,Right,
8206,Arturo Erasmo Vidal Pardo,Bayern Munich,169,"['Left Center Midfield', 'Right Center Midfield', 'Right Defensive Midfield', 'Left Defensive Midfield', 'Center Attacking Midfield', 'Center Defensive Midfield', 'Right Back', 'Left Midfield']",30,86,86,37500000.0,220000.0,28,1987-05-22,180,75,23.0,,2019.0,55,Chile,Right,
8207,Dominik Kohr,Augsburg,172,"['Right Defensive Midfield', 'Left Defensive Midfield', 'Right Center Midfield', 'Right Wing Back', 'Right Back']",31,72,77,2400000.0,20000.0,21,1994-01-31,183,75,21.0,,2019.0,21,Germany,Right,
8208,Sven Ulreich,Bayern Munich,169,['Goalkeeper'],1,77,79,7000000.0,90000.0,26,1988-08-03,192,84,26.0,,2018.0,21,Germany,Right,
8209,Márcio Rafael Ferreira de Souza,Bayern Munich,169,"['Right Back', 'Right Center Back', 'Left Back', 'Left Center Back', 'Right Wing Back']",25,78,78,6000000.0,80000.0,29,1985-09-07,172,68,13.0,,2017.0,54,Brazil,Right,
8210,Charles Mariano Aránguiz Sandoval,Bayer Leverkusen,904,"['Left Defensive Midfield', 'Right Defensive Midfield', 'Center Defensive Midfield', 'Right Center Midfield']",7,78,81,10000000.0,80000.0,26,1989-04-17,171,70,20.0,,2020.0,55,Chile,Right,
8211,Benjamin Henrichs,Bayer Leverkusen,904,"['Center Attacking Midfield', 'Left Wing', 'Right Back', 'Left Back']",9,58,75,250000.0,2000.0,18,1997-02-23,182,78,39.0,,2021.0,21,Germany,Right,
8212,Wendell Nascimento Borges,Bayer Leverkusen,904,"['Left Back', 'Right Back']",28,77,85,9000000.0,60000.0,21,1993-07-20,176,66,18.0,,2019.0,54,Brazil,Left,
8213,Karim Bellarabi,Bayer Leverkusen,904,"['Right Wing', 'Right Midfield', 'Left Midfield', 'Left Center Forward', 'Right Center Forward', 'Left Wing']",33,83,85,27500000.0,110000.0,25,1990-04-08,183,80,38.0,,2020.0,21,Germany,Right,
8215,Kevin Volland,Hoffenheim,175,"['Left Center Forward', 'Right Center Forward', 'Right Wing Back', 'Center Attacking Midfield', 'Right Midfield', 'Right Wing', 'Center Forward', 'Right Center Midfield', 'Left Midfield', 'Left Wing', 'Left Wing Back', 'Left Attacking Midfield']",33,80,85,19000000.0,50000.0,22,1992-07-30,179,82,31.0,,2019.0,21,Germany,Left,
8216,Sven Bender,Borussia Dortmund,180,"['Center Defensive Midfield', 'Center Attacking Midfield', 'Right Center Back', 'Left Defensive Midfield', 'Left Center Back', 'Center Back', 'Right Back']",19,80,81,13500000.0,110000.0,26,1989-04-27,186,80,6.0,,2017.0,21,Germany,Right,
8217,Kingsley Coman,Bayern Munich,169,"['Right Center Midfield', 'Left Wing Back', 'Right Wing Back', 'Right Wing', 'Left Wing', 'Right Midfield', 'Left Midfield', 'Left Center Forward']",23,69,79,1500000.0,15000.0,19,1996-06-13,178,71,29.0,Juventus,2017.0,18,France,Right,
8218,Arjen Robben,Bayern Munich,169,"['Right Midfield', 'Right Wing Back', 'Right Center Midfield', 'Left Center Midfield', 'Right Wing']",15,90,90,56000000.0,250000.0,31,1984-01-23,180,80,10.0,,2017.0,34,Netherlands,Left,
8219,Admir Mehmedi,Bayer Leverkusen,904,"['Left Center Forward', 'Center Attacking Midfield', 'Right Center Forward', 'Left Midfield', 'Right Midfield', 'Left Wing', 'Right Wing']",28,77,82,9500000.0,70000.0,24,1991-03-16,183,80,14.0,,2019.0,47,Switzerland,Right,
8220,David Olatukunbo Alaba,Bayern Munich,169,"['Left Back', 'Left Center Back', 'Center Back']",30,85,88,35500000.0,160000.0,23,1992-06-24,180,76,27.0,,2018.0,4,Austria,Left,
8221,Jonathan Tah,Bayer Leverkusen,904,['Right Center Back'],29,73,86,4500000.0,35000.0,19,1996-02-11,194,98,4.0,,2020.0,21,Germany,Right,
8222,Kevin Kampl,Bayer Leverkusen,904,"['Right Wing', 'Right Defensive Midfield', 'Left Defensive Midfield', 'Right Midfield', 'Left Midfield', 'Center Attacking Midfield', 'Left Attacking Midfield', 'Right Center Midfield', 'Left Center Midfield']",23,77,81,9000000.0,60000.0,24,1990-10-09,178,65,44.0,,2020.0,44,Slovenia,Right,
8223,Franck Bilal Ribéry,Bayern Munich,169,"['Left Wing', 'Left Midfield', 'Left Center Midfield', 'Left Attacking Midfield', 'Right Wing']",13,87,87,34000000.0,190000.0,32,1983-04-07,170,72,7.0,,2017.0,18,France,Right,
8225,Roman Bürki,Borussia Dortmund,180,['Goalkeeper'],33,80,84,16000000.0,90000.0,24,1990-11-14,187,85,38.0,,2019.0,47,Switzerland,Right,
8227,Mario Götze,Bayern Munich,169,"['Left Midfield', 'Center Attacking Midfield', 'Right Wing Back', 'Right Center Midfield', 'Center Forward', 'Left Wing', 'Right Wing', 'Left Center Midfield', 'Right Attacking Midfield', 'Right Defensive Midfield', 'Right Midfield']",14,84,88,38000000.0,170000.0,23,1992-06-03,176,72,19.0,,2017.0,21,Germany,Right,
8230,Josuha Guilavogui,Wolfsburg,179,"['Right Defensive Midfield', 'Center Defensive Midfield', 'Left Defensive Midfield', 'Right Center Midfield', 'Left Center Midfield', 'Left Back']",30,78,81,9000000.0,80000.0,24,1990-09-19,188,77,23.0,Atlético de Madrid,2016.0,18,France,Right,
8231,Yannick Gerhardt,FC Köln,186,"['Left Center Midfield', 'Left Midfield', 'Left Wing', 'Right Defensive Midfield', 'Left Defensive Midfield', 'Left Center Forward', 'Center Attacking Midfield', 'Right Center Midfield', 'Left Attacking Midfield', 'Left Wing Back']",29,72,81,3200000.0,20000.0,21,1994-03-13,184,81,31.0,,2018.0,21,Germany,Left,
8232,Nuri Şahin,Borussia Dortmund,180,"['Left Defensive Midfield', 'Left Center Midfield', 'Right Defensive Midfield', 'Center Defensive Midfield']",9,81,83,19500000.0,120000.0,26,1988-09-05,180,73,18.0,,2018.0,48,Turkey,Left,
8233,Gonzalo Castro Randon,Borussia Dortmund,180,"['Left Center Midfield', 'Right Center Midfield', 'Left Defensive Midfield', 'Right Wing', 'Right Defensive Midfield', 'Left Wing', 'Center Attacking Midfield']",25,81,81,16000000.0,110000.0,28,1987-06-11,172,74,27.0,,2019.0,21,Germany,Right,
8235,Maximilian Arnold,Wolfsburg,179,"['Left Defensive Midfield', 'Center Attacking Midfield', 'Right Defensive Midfield', 'Right Center Midfield', 'Left Center Midfield', 'Center Defensive Midfield', 'Right Center Forward', 'Left Midfield']",31,77,84,9500000.0,70000.0,21,1994-05-27,184,74,27.0,,2017.0,21,Germany,Left,
8237,Paul Verhaegh,Augsburg,172,"['Right Back', 'Right Wing Back']",25,77,77,4400000.0,50000.0,31,1983-09-01,178,74,2.0,,2018.0,34,Netherlands,Right,
8238,Mahmoud Dahoud,Borussia Mönchengladbach,185,"['Left Defensive Midfield', 'Right Defensive Midfield', 'Center Defensive Midfield', 'Center Attacking Midfield', 'Right Center Midfield']",32,60,76,350000.0,3000.0,19,1996-01-01,177,67,8.0,,2018.0,21,Germany,Right,
8239,Robin Knoche,Wolfsburg,179,"['Left Center Back', 'Right Defensive Midfield', 'Right Center Back']",11,76,80,6000000.0,80000.0,23,1992-05-22,190,77,31.0,,2017.0,21,Germany,Right,
8240,Koen Casteels,Wolfsburg,179,['Goalkeeper'],13,73,78,3300000.0,50000.0,23,1992-06-25,197,86,28.0,,2018.0,7,Belgium,Left,
8243,Daniel Didavi,VfB Stuttgart,174,"['Right Midfield', 'Center Attacking Midfield', 'Left Midfield', 'Right Defensive Midfield', 'Left Center Midfield', 'Right Center Forward', 'Right Center Midfield', 'Left Center Forward', 'Right Wing', 'Left Defensive Midfield', 'Center Forward']",31,76,79,6500000.0,50000.0,25,1990-02-21,180,78,10.0,,2016.0,21,Germany,Left,
8244,Sokratis Papastathopoulos,Borussia Dortmund,180,"['Right Center Back', 'Right Back', 'Center Back', 'Left Center Back']",25,83,84,21500000.0,140000.0,27,1988-06-09,186,85,25.0,,2018.0,22,Greece,Right,
8270,Daniel Schwaab,VfB Stuttgart,174,"['Right Back', 'Right Center Back', 'Right Defensive Midfield', 'Center Defensive Midfield', 'Center Back', 'Left Defensive Midfield']",29,74,75,3200000.0,45000.0,26,1988-08-23,187,76,3.0,,2016.0,21,Germany,Right,
8302,Nicolai Müller,Hamburger SV,171,"['Right Midfield', 'Right Wing', 'Center Attacking Midfield', 'Left Center Midfield', 'Left Wing', 'Left Midfield', 'Right Center Midfield']",29,74,75,3700000.0,40000.0,27,1987-09-25,173,66,27.0,,2018.0,21,Germany,Right,
8303,Caiuby Francisco da Silva,Augsburg,172,"['Center Forward', 'Left Wing', 'Left Center Forward', 'Right Wing', 'Left Midfield', 'Right Center Forward', 'Right Midfield', 'Left Attacking Midfield']",26,71,72,1900000.0,25000.0,26,1988-07-14,184,85,30.0,,2018.0,54,Brazil,Right,
8306,Christian Mathenia,Darmstadt 98,872,['Goalkeeper'],33,69,76,1200000.0,9000.0,23,1992-03-31,189,90,31.0,,2017.0,21,Germany,Right,
8309,Michael Gregoritsch,Hamburger SV,171,"['Right Midfield', 'Right Wing', 'Center Attacking Midfield', 'Left Wing', 'Left Midfield', 'Left Defensive Midfield', 'Center Forward', 'Left Center Midfield']",25,67,76,1100000.0,8000.0,21,1994-04-18,193,87,23.0,,2019.0,4,Austria,Left,
8311,Jonathan Schmid,Hoffenheim,175,"['Right Center Midfield', 'Center Attacking Midfield', 'Left Midfield', 'Left Wing', 'Right Center Forward', 'Right Midfield', 'Right Wing', 'Right Wing Back', 'Left Wing Back', 'Right Back']",23,75,78,5000000.0,35000.0,25,1990-06-22,179,78,10.0,,2019.0,18,France,Right,
8313,Kyriakos Papadopoulos,Bayer Leverkusen,904,"['Left Center Back', 'Center Defensive Midfield', 'Left Wing', 'Right Defensive Midfield', 'Left Defensive Midfield', 'Right Midfield']",16,79,84,12000000.0,80000.0,23,1992-02-23,184,89,5.0,,2020.0,22,Greece,Right,
8314,Marwin Hitz,Augsburg,172,['Goalkeeper'],33,75,76,3800000.0,45000.0,27,1987-09-18,192,84,35.0,,2018.0,47,Switzerland,Right,
8316,Dennis Diekmeier,Hamburger SV,171,"['Right Back', 'Right Midfield', 'Right Wing', 'Center Attacking Midfield']",22,75,77,4000000.0,35000.0,25,1989-10-20,188,79,2.0,,2016.0,21,Germany,Right,
8317,Daniel Baier,Augsburg,172,"['Left Defensive Midfield', 'Right Defensive Midfield', 'Center Defensive Midfield']",28,79,79,6500000.0,60000.0,31,1984-05-18,176,77,10.0,,2018.0,21,Germany,Right,
8320,Gian-Luca Waldschmidt,Eintracht Frankfurt,184,"['Left Center Forward', 'Left Midfield', 'Right Center Forward', 'Left Wing', 'Center Attacking Midfield', 'Center Forward']",12,61,77,475000.0,4000.0,19,1996-05-19,181,73,24.0,,2017.0,21,Germany,Left,
8321,Sven Schipplock,Hamburger SV,171,"['Center Forward', 'Left Center Forward', 'Right Center Forward', 'Center Attacking Midfield', 'Left Wing']",20,73,76,3600000.0,45000.0,26,1988-11-08,186,84,9.0,,2018.0,21,Germany,Right,
8322,André Hahn,Borussia Mönchengladbach,185,"['Right Center Forward', 'Left Midfield', 'Right Midfield', 'Right Center Midfield', 'Right Back', 'Left Center Forward', 'Left Attacking Midfield', 'Center Forward', 'Center Back', 'Right Attacking Midfield']",15,77,79,8500000.0,70000.0,24,1990-08-13,185,80,28.0,,2018.0,21,Germany,Right,
8323,Gideon Jung,Hamburger SV,171,"['Center Defensive Midfield', 'Right Defensive Midfield', 'Left Defensive Midfield']",18,60,71,275000.0,2000.0,20,1994-09-12,189,76,28.0,,2018.0,21,Germany,Right,
8369,Melvyn Lorenzen,Werder Bremen,176,"['Left Midfield', 'Right Wing Back', 'Left Center Forward', 'Right Midfield', 'Right Wing', 'Left Wing', 'Right Center Forward']",9,63,76,650000.0,4000.0,20,1994-11-26,188,86,28.0,,2017.0,21,Germany,Right,
8386,Max Kruse,Wolfsburg,179,"['Center Attacking Midfield', 'Right Wing', 'Left Wing', 'Right Center Forward', 'Left Midfield', 'Left Center Midfield', 'Left Center Forward', 'Center Forward', 'Right Center Midfield', 'Left Attacking Midfield']",32,81,83,19500000.0,120000.0,27,1988-03-19,180,76,11.0,,2019.0,21,Germany,Left,
8387,Mark Uth,Hoffenheim,175,"['Center Attacking Midfield', 'Right Center Forward', 'Left Center Forward', 'Center Forward', 'Right Midfield', 'Left Back', 'Left Midfield', 'Left Center Midfield', 'Right Wing', 'Right Wing Back', 'Left Wing', 'Right Attacking Midfield']",25,72,78,3000000.0,20000.0,23,1991-08-24,184,73,19.0,,2018.0,21,Germany,Left,
8388,Jérôme Gondorf,Darmstadt 98,872,"['Right Defensive Midfield', 'Left Defensive Midfield', 'Left Center Midfield', 'Center Defensive Midfield', 'Right Midfield', 'Center Attacking Midfield']",33,68,70,975000.0,10000.0,27,1988-06-26,175,76,8.0,,2017.0,21,Germany,Right,
8389,Fin Bartels,Werder Bremen,176,"['Left Defensive Midfield', 'Center Attacking Midfield', 'Left Midfield', 'Right Center Forward', 'Right Midfield', 'Left Center Midfield', 'Right Wing Back', 'Right Center Midfield', 'Left Center Forward', 'Right Defensive Midfield', 'Left Wing']",30,75,75,3900000.0,40000.0,28,1987-02-07,176,69,22.0,,2017.0,21,Germany,Right,
8390,Philipp Bargfrede,Werder Bremen,176,"['Right Defensive Midfield', 'Center Defensive Midfield', 'Left Defensive Midfield']",14,74,76,3400000.0,45000.0,26,1989-03-03,174,71,44.0,,2017.0,21,Germany,Right,
8392,Jeremy Toljan,Hoffenheim,175,"['Left Back', 'Left Wing Back', 'Right Back', 'Left Center Back', 'Right Wing Back']",18,69,77,1300000.0,7000.0,20,1994-08-08,182,76,15.0,,2018.0,21,Germany,Right,
8393,Oliver Baumann,Hoffenheim,175,['Goalkeeper'],33,78,81,9000000.0,50000.0,25,1990-06-02,187,82,1.0,,2018.0,21,Germany,Right,
8394,Robert Bauer,Ingolstadt,189,"['Right Center Midfield', 'Left Back', 'Left Wing', 'Right Back', 'Left Center Midfield', 'Center Defensive Midfield']",24,66,73,750000.0,4000.0,20,1995-04-09,183,76,23.0,,2017.0,21,Germany,Right,
8395,Håvard Nordtveit,Borussia Mönchengladbach,185,"['Right Defensive Midfield', 'Right Center Back', 'Left Defensive Midfield', 'Left Center Back', 'Right Back', 'Center Defensive Midfield', 'Center Back', 'Left Wing Back']",31,76,80,5500000.0,70000.0,25,1990-06-21,188,83,6.0,,2016.0,36,Norway,Right,
8396,Theodor Gebre Selassie,Werder Bremen,176,"['Right Back', 'Right Center Back', 'Right Wing Back']",33,76,76,4000000.0,60000.0,28,1986-12-24,181,71,23.0,,2018.0,12,Czech Republic,Right,
8397,Kevin Vogt,FC Köln,186,"['Left Defensive Midfield', 'Center Defensive Midfield', 'Center Back', 'Center Attacking Midfield', 'Right Defensive Midfield', 'Left Center Midfield', 'Right Center Midfield']",23,75,79,4600000.0,35000.0,23,1991-09-23,194,85,6.0,,2017.0,21,Germany,Right,
8401,Maximilian Eggestein,Werder Bremen,176,"['Center Attacking Midfield', 'Right Center Midfield', 'Left Center Forward', 'Left Defensive Midfield', 'Left Midfield', 'Left Wing']",7,59,75,300000.0,2000.0,18,1996-12-08,181,75,35.0,,2018.0,21,Germany,Right,
8402,Aron Jóhannsson,Werder Bremen,176,"['Left Center Forward', 'Right Center Forward', 'Center Attacking Midfield']",6,74,78,4500000.0,40000.0,24,1990-11-10,184,70,9.0,,2019.0,95,United States,Right,
8403,Nadiem Amiri,Hoffenheim,175,"['Center Attacking Midfield', 'Left Center Forward', 'Right Defensive Midfield', 'Left Wing', 'Left Center Midfield', 'Right Center Midfield', 'Left Defensive Midfield', 'Left Midfield']",25,63,78,650000.0,2000.0,18,1996-10-27,178,70,18.0,,2018.0,21,Germany,Right,
8404,Eugen Polanski,Hoffenheim,175,"['Left Center Midfield', 'Left Wing Back', 'Right Defensive Midfield', 'Left Defensive Midfield', 'Right Midfield', 'Right Wing', 'Center Defensive Midfield', 'Center Attacking Midfield', 'Right Center Midfield']",27,78,78,6500000.0,50000.0,29,1986-03-17,183,78,8.0,,2017.0,37,Poland,Right,
8405,Benjamin Hübner,Ingolstadt,189,['Left Center Back'],30,70,72,1300000.0,20000.0,25,1989-07-04,193,85,5.0,,2017.0,21,Germany,Left,
8504,Bastian Oczipka,Eintracht Frankfurt,184,"['Left Back', 'Left Center Midfield', 'Left Midfield', 'Left Center Back', 'Left Wing Back']",30,75,77,4000000.0,45000.0,26,1989-01-12,185,87,6.0,,2018.0,21,Germany,Left,
8508,Max Meyer,Schalke 04,181,"['Center Attacking Midfield', 'Left Defensive Midfield', 'Left Midfield', 'Left Center Forward', 'Left Attacking Midfield', 'Left Wing', 'Right Defensive Midfield', 'Right Midfield', 'Left Wing Back', 'Right Wing', 'Right Wing Back', 'Center Forward', 'Right Center Midfield']",32,78,88,12500000.0,70000.0,19,1995-09-18,173,68,7.0,,2018.0,21,Germany,Right,
8511,Thilo Kehrer,Schalke 04,181,['Right Defensive Midfield'],1,62,77,500000.0,4000.0,18,1996-09-21,185,73,20.0,,2016.0,21,Germany,Right,
8512,Franco Matías Di Santo,Schalke 04,181,"['Right Center Forward', 'Left Center Forward', 'Right Wing', 'Right Midfield', 'Left Wing', 'Center Forward', 'Right Center Midfield']",25,79,81,12500000.0,110000.0,26,1989-04-07,193,88,9.0,,2019.0,52,Argentina,Right,
8514,Matija Nastasić,Schalke 04,181,['Left Center Back'],1,79,84,12000000.0,90000.0,22,1993-03-28,187,79,31.0,,2019.0,51,Serbia,Left,
8516,Ronaldo Aparecido Rodrigues,Wolfsburg,179,"['Right Center Back', 'Center Forward']",29,85,85,19500000.0,150000.0,32,1982-09-10,198,89,25.0,,2016.0,54,Brazil,Right,
8517,Ralf Fährmann,Schalke 04,181,['Goalkeeper'],34,81,83,16500000.0,110000.0,26,1988-09-27,196,95,1.0,,2019.0,21,Germany,Right,
8521,Daniel Caligiuri,Wolfsburg,179,"['Left Center Midfield', 'Right Center Midfield', 'Left Wing', 'Right Wing', 'Right Midfield', 'Left Midfield', 'Left Wing Back']",29,78,80,9500000.0,90000.0,27,1988-01-15,182,79,7.0,,2017.0,27,Italy,Right,
8538,Waldemar Anton,Hannover 96,178,"['Right Center Forward', 'Left Center Back', 'Right Defensive Midfield', 'Right Wing', 'Right Center Back']",8,58,74,230000.0,2000.0,18,1996-07-20,189,75,31.0,,2018.0,21,Germany,Right,
8539,Danny Latza,FSV Mainz 05,177,"['Center Attacking Midfield', 'Left Defensive Midfield', 'Right Defensive Midfield', 'Right Center Back']",27,70,73,1600000.0,20000.0,25,1989-12-07,179,76,6.0,,2018.0,21,Germany,Right,
8541,Kenan Karaman,Hannover 96,178,"['Right Wing', 'Left Wing', 'Right Midfield', 'Left Midfield', 'Right Attacking Midfield', 'Center Attacking Midfield', 'Left Center Midfield']",23,63,72,525000.0,4000.0,21,1994-03-05,189,83,26.0,,2017.0,48,Turkey,Left,
8542,Felipe Trevizan Martins,Hannover 96,178,"['Left Center Back', 'Center Attacking Midfield', 'Left Defensive Midfield', 'Right Center Forward', 'Right Defensive Midfield']",8,74,74,2700000.0,40000.0,28,1987-05-15,193,90,20.0,,2016.0,54,Brazil,Left,
8543,Manuel Schmiedebach,Hannover 96,178,"['Right Defensive Midfield', 'Right Center Midfield', 'Left Defensive Midfield', 'Center Attacking Midfield', 'Center Defensive Midfield']",22,76,78,5000000.0,60000.0,26,1988-12-05,171,70,8.0,,2018.0,21,Germany,Right,
8545,Julian Korb,Borussia Mönchengladbach,185,"['Right Back', 'Right Wing Back', 'Left Wing Back']",17,75,80,4600000.0,45000.0,23,1992-03-21,177,69,27.0,,2018.0,21,Germany,Right,
8547,Matthias Ostrzolek,Hamburger SV,171,['Left Back'],32,73,75,2800000.0,35000.0,25,1990-06-05,178,72,22.0,,2017.0,21,Germany,Left,
8548,Daniel Brosinski,FSV Mainz 05,177,"['Right Back', 'Right Center Back', 'Right Wing', 'Right Wing Back', 'Right Midfield', 'Left Midfield']",30,74,75,3200000.0,40000.0,26,1988-07-17,178,70,18.0,,2018.0,21,Germany,Right,
8550,Alexandru Iulian Maxim,VfB Stuttgart,174,"['Right Defensive Midfield', 'Left Midfield', 'Left Center Midfield', 'Right Midfield', 'Center Attacking Midfield', 'Right Center Midfield', 'Left Wing', 'Right Wing', 'Right Center Forward', 'Center Defensive Midfield']",25,77,79,8500000.0,50000.0,24,1990-07-08,177,73,44.0,,2019.0,39,Romania,Right,
8551,Felix Klaus,Hannover 96,178,"['Left Wing', 'Right Wing', 'Left Midfield', 'Left Center Midfield', 'Right Midfield', 'Center Attacking Midfield']",18,72,76,2700000.0,20000.0,22,1992-09-13,179,79,11.0,,2019.0,21,Germany,Right,
8554,Levin Mete Öztunali,Werder Bremen,176,"['Left Center Forward', 'Right Midfield', 'Center Attacking Midfield', 'Left Center Midfield', 'Left Midfield', 'Right Wing', 'Left Wing', 'Left Wing Back']",25,71,85,3400000.0,20000.0,19,1996-03-15,184,80,11.0,Bayer 04 Leverkusen,2016.0,21,Germany,Right,
8555,Pablo Ezequiel De Blasis,FSV Mainz 05,177,"['Left Wing', 'Left Wing Back', 'Left Midfield', 'Right Center Forward', 'Right Wing', 'Right Attacking Midfield', 'Right Midfield', 'Center Attacking Midfield', 'Right Wing Back']",26,75,76,4500000.0,40000.0,27,1988-02-04,165,65,32.0,,2017.0,52,Argentina,Right,
8556,Pirmin Schwegler,Hoffenheim,175,"['Center Defensive Midfield', 'Left Defensive Midfield', 'Right Defensive Midfield', 'Center Attacking Midfield', 'Right Center Forward', 'Left Center Midfield']",21,77,77,5500000.0,60000.0,28,1987-03-09,178,74,16.0,,2017.0,47,Switzerland,Right,
8557,Martin Harnik,VfB Stuttgart,174,"['Right Center Forward', 'Right Midfield', 'Right Wing Back', 'Right Wing', 'Right Center Midfield', 'Left Center Forward', 'Left Midfield', 'Center Defensive Midfield', 'Center Forward']",19,77,77,7000000.0,70000.0,28,1987-06-10,186,80,7.0,,2016.0,4,Austria,Right,
8558,Charlison Benschop,Hannover 96,178,"['Right Center Forward', 'Center Attacking Midfield', 'Center Forward', 'Left Center Forward', 'Right Attacking Midfield', 'Right Midfield', 'Right Wing']",9,73,76,3700000.0,35000.0,25,1989-08-21,191,91,35.0,,2018.0,34,Netherlands,Right,
8559,Stefan Bell,FSV Mainz 05,177,"['Left Center Back', 'Center Back', 'Right Center Back']",30,76,80,6000000.0,50000.0,23,1991-08-24,192,88,16.0,,2018.0,21,Germany,Right,
8560,René Adler,Hamburger SV,171,['Goalkeeper'],24,79,79,8500000.0,60000.0,30,1985-01-15,191,87,15.0,,2017.0,21,Germany,Right,
8561,Fabian Frei,FSV Mainz 05,177,"['Left Defensive Midfield', 'Right Center Forward', 'Center Attacking Midfield', 'Center Defensive Midfield', 'Center Back', 'Right Center Back', 'Right Defensive Midfield']",17,75,78,4900000.0,40000.0,26,1989-01-08,183,77,20.0,,2019.0,47,Switzerland,Right,
8570,Niklas Stark,Hertha Berlin,173,"['Left Defensive Midfield', 'Right Center Back', 'Right Defensive Midfield', 'Left Center Back', 'Center Defensive Midfield']",21,71,82,2500000.0,15000.0,20,1995-04-14,190,81,5.0,,2019.0,21,Germany,Right,
8573,Ömer Toprak,Bayer Leverkusen,904,"['Right Defensive Midfield', 'Left Center Back', 'Center Back', 'Center Forward', 'Center Defensive Midfield']",19,81,83,17000000.0,90000.0,25,1989-07-21,187,83,21.0,,2018.0,48,Turkey,Right,
8574,Alexander Esswein,Augsburg,172,"['Right Wing', 'Right Midfield', 'Right Center Midfield', 'Right Center Forward', 'Left Wing', 'Right Back']",29,72,77,2700000.0,20000.0,25,1990-03-25,183,85,11.0,,2017.0,21,Germany,Right,
8575,Salomon Armand Magloire Kalou,Hertha Berlin,173,"['Center Forward', 'Right Center Forward', 'Left Center Forward', 'Left Midfield', 'Left Wing', 'Right Wing', 'Center Attacking Midfield', 'Right Midfield']",32,77,77,7000000.0,60000.0,29,1985-08-05,184,77,8.0,,2017.0,108,Côte d'Ivoire,Right,
8576,Mitchell Weiser,Hertha Berlin,173,"['Left Center Forward', 'Right Midfield', 'Right Wing', 'Left Midfield', 'Right Back', 'Left Wing', 'Right Center Midfield']",29,71,80,2500000.0,20000.0,21,1994-04-21,176,67,20.0,,2018.0,21,Germany,Right,
8577,Rune Almenning Jarstein,Hertha Berlin,173,['Goalkeeper'],29,69,69,825000.0,9000.0,30,1984-09-29,190,82,22.0,,2016.0,36,Norway,Right,
8578,Per Ciljan Skjelbred,Hertha Berlin,173,"['Center Defensive Midfield', 'Left Defensive Midfield', 'Right Defensive Midfield', 'Left Center Forward', 'Right Midfield', 'Right Center Midfield', 'Left Center Midfield']",31,75,75,3900000.0,40000.0,28,1987-06-16,175,74,3.0,,2017.0,36,Norway,Right,
8579,Vladimír Darida,Hertha Berlin,173,"['Right Center Midfield', 'Right Defensive Midfield', 'Left Defensive Midfield', 'Center Attacking Midfield', 'Left Center Midfield', 'Right Center Forward']",31,76,80,7000000.0,50000.0,24,1990-08-08,171,64,6.0,,2019.0,12,Czech Republic,Right,
8580,Sebastian Langkamp,Hertha Berlin,173,['Right Center Back'],22,76,77,4900000.0,60000.0,27,1988-01-15,191,85,15.0,,2019.0,21,Germany,Right,
8582,Fabian Reese,Schalke 04,181,['Left Center Forward'],1,73,77,3100000.0,50000.0,25,1990-05-17,196,93,34.0,,2018.0,21,Germany,Right,
8667,Lukáš Hrádecký,Eintracht Frankfurt,184,['Goalkeeper'],34,70,76,1500000.0,20000.0,25,1989-11-24,190,80,1.0,,2018.0,17,Finland,Right,
8669,Mijat Gaćinović,Eintracht Frankfurt,184,"['Left Midfield', 'Left Wing', 'Right Back', 'Right Wing', 'Center Attacking Midfield']",7,66,75,950000.0,4000.0,20,1995-02-08,175,66,11.0,,2019.0,51,Serbia,Right,
8670,Timothy Chandler,Eintracht Frankfurt,184,"['Right Back', 'Right Midfield', 'Right Wing Back', 'Right Center Back', 'Right Wing']",12,73,76,2900000.0,35000.0,25,1990-03-29,186,84,22.0,,2017.0,95,United States,Right,
8671,Branimir Hrgota,Borussia Mönchengladbach,185,"['Right Center Forward', 'Right Attacking Midfield', 'Right Midfield', 'Left Center Forward']",9,70,78,2000000.0,25000.0,22,1993-01-12,185,74,31.0,,2016.0,46,Sweden,Left,
8676,Danny Vieira da Costa,Ingolstadt,189,"['Center Forward', 'Right Back']",19,70,75,1500000.0,20000.0,21,1993-07-13,186,84,21.0,,2017.0,21,Germany,Right,
8678,David Ángel Abraham,Eintracht Frankfurt,184,"['Left Center Back', 'Right Center Back', 'Center Back', 'Left Defensive Midfield']",31,76,76,4100000.0,60000.0,28,1986-07-15,188,83,19.0,,2018.0,52,Argentina,Right,
8679,Yunus Mallı,FSV Mainz 05,177,"['Center Attacking Midfield', 'Right Center Forward', 'Right Wing', 'Left Attacking Midfield', 'Left Center Forward', 'Left Defensive Midfield', 'Right Midfield', 'Center Forward']",34,75,80,5500000.0,35000.0,23,1992-02-24,179,72,10.0,,2018.0,21,Germany,Right,
8762,Zlatko Junuzović,Werder Bremen,176,"['Left Midfield', 'Center Attacking Midfield', 'Left Center Midfield', 'Left Defensive Midfield', 'Center Defensive Midfield', 'Left Wing', 'Right Midfield', 'Right Center Midfield', 'Left Attacking Midfield', 'Center Forward', 'Right Defensive Midfield']",30,79,80,11000000.0,80000.0,27,1987-09-26,172,69,16.0,,2018.0,4,Austria,Right,
8805,Christoph Kramer,Bayer Leverkusen,904,"['Left Defensive Midfield', 'Right Midfield', 'Right Defensive Midfield', 'Left Center Midfield', 'Right Center Back', 'Left Center Back']",28,79,84,12000000.0,80000.0,24,1991-02-19,191,80,23.0,,2019.0,21,Germany,Right,
8806,Lars Edi Stindl,Borussia Mönchengladbach,185,"['Right Defensive Midfield', 'Right Center Forward', 'Right Midfield', 'Right Center Midfield', 'Center Forward', 'Left Center Forward', 'Left Center Midfield', 'Left Defensive Midfield', 'Center Attacking Midfield', 'Right Attacking Midfield']",30,79,81,12000000.0,100000.0,26,1988-08-26,180,78,13.0,,2020.0,21,Germany,Right,
8807,Raúl Marcelo Bobadilla,Augsburg,172,"['Center Forward', 'Right Wing', 'Center Attacking Midfield', 'Left Center Forward', 'Right Center Forward', 'Left Wing', 'Right Midfield']",27,77,77,7000000.0,60000.0,28,1987-06-18,181,88,25.0,,2018.0,58,Paraguay,Right,
8808,Matthias Ginter,Borussia Dortmund,180,"['Right Back', 'Center Defensive Midfield', 'Right Defensive Midfield', 'Left Defensive Midfield', 'Left Center Midfield', 'Right Center Midfield', 'Center Attacking Midfield', 'Right Center Back', 'Center Back', 'Right Wing Back', 'Left Back', 'Left Center Back']",24,77,85,9000000.0,70000.0,21,1994-01-19,190,88,28.0,,2019.0,21,Germany,Right,
8809,Oscar Wendt,Borussia Mönchengladbach,185,"['Left Back', 'Left Midfield', 'Left Wing Back', 'Left Center Midfield', 'Left Defensive Midfield', 'Left Center Back']",30,76,76,3900000.0,70000.0,29,1985-10-24,181,82,17.0,,2018.0,46,Sweden,Left,
8810,Raffael Caetano de Araújo,Borussia Mönchengladbach,185,"['Right Center Forward', 'Left Center Forward', 'Left Defensive Midfield', 'Left Midfield', 'Left Attacking Midfield', 'Right Center Midfield', 'Center Attacking Midfield', 'Center Forward', 'Left Center Midfield', 'Left Wing', 'Right Wing', 'Right Attacking Midfield']",31,81,81,15500000.0,90000.0,30,1985-03-28,174,69,11.0,,2017.0,54,Brazil,Right,
8812,Marco Russ,Eintracht Frankfurt,184,"['Right Defensive Midfield', 'Center Defensive Midfield', 'Left Center Back', 'Right Center Back', 'Left Defensive Midfield']",28,75,75,3100000.0,35000.0,29,1985-08-04,190,88,4.0,,2016.0,21,Germany,Right,
8813,Patrick Herrmann,Borussia Mönchengladbach,185,"['Right Midfield', 'Left Midfield', 'Left Wing', 'Right Center Forward', 'Right Wing Back', 'Right Wing', 'Left Wing Back', 'Left Center Forward']",18,81,84,21000000.0,90000.0,24,1991-02-12,179,70,7.0,,2019.0,21,Germany,Right,
8814,Nico Elvedi,Borussia Mönchengladbach,185,"['Right Back', 'Left Back', 'Right Center Back', 'Left Center Back', 'Right Wing Back']",21,61,76,400000.0,3000.0,18,1996-09-30,188,83,30.0,,2019.0,47,Switzerland,Right,
8815,Jannik Vestergaard,Werder Bremen,176,"['Left Center Back', 'Right Center Back', 'Center Defensive Midfield', 'Left Defensive Midfield', 'Right Defensive Midfield', 'Center Back']",33,77,81,7500000.0,40000.0,22,1992-08-03,199,98,7.0,,2018.0,13,Denmark,Left,
8816,Julian Weigl,Borussia Dortmund,180,"['Left Defensive Midfield', 'Right Center Midfield', 'Center Defensive Midfield', 'Right Defensive Midfield', 'Left Center Midfield']",30,69,81,1500000.0,15000.0,19,1995-09-08,186,71,33.0,,2019.0,21,Germany,Right,
8817,Jhon Andrés Córdoba Copete,FSV Mainz 05,177,"['Center Forward', 'Right Center Forward', 'Left Center Forward']",22,73,81,4400000.0,30000.0,22,1993-05-11,188,85,15.0,Granada CF,2016.0,56,Colombia,Right,
8821,Timo Horn,FC Köln,186,['Goalkeeper'],33,79,87,13000000.0,50000.0,22,1993-05-12,192,90,1.0,,2019.0,21,Germany,Left,
8822,Simon Zoller,FC Köln,186,"['Right Midfield', 'Left Center Forward', 'Right Center Forward', 'Left Midfield', 'Right Wing', 'Right Center Midfield', 'Right Back', 'Center Forward', 'Center Attacking Midfield', 'Left Wing Back', 'Right Attacking Midfield', 'Left Wing']",24,70,76,1900000.0,20000.0,24,1991-06-26,179,70,11.0,,2018.0,21,Germany,Right,
8823,Marcel Risse,FC Köln,186,"['Right Midfield', 'Right Back', 'Right Wing', 'Right Center Midfield', 'Right Wing Back', 'Left Center Forward', 'Left Wing']",33,75,78,5000000.0,35000.0,25,1989-12-17,183,75,7.0,,2019.0,21,Germany,Right,
8824,Marco Höger,Schalke 04,181,"['Left Defensive Midfield', 'Right Defensive Midfield', 'Left Center Midfield', 'Right Center Midfield']",5,77,80,8500000.0,80000.0,25,1989-09-16,182,83,12.0,,2016.0,21,Germany,Right,
8825,Miloš Jojić,FC Köln,186,"['Right Center Midfield', 'Center Attacking Midfield', 'Left Center Midfield', 'Right Midfield', 'Left Defensive Midfield', 'Right Wing', 'Right Defensive Midfield', 'Left Wing', 'Left Midfield']",15,75,79,5500000.0,35000.0,23,1992-03-19,177,79,8.0,,2019.0,51,Serbia,Right,
8826,Leonardo Bittencourt,FC Köln,186,"['Left Midfield', 'Left Center Midfield', 'Center Attacking Midfield', 'Left Wing', 'Right Midfield', 'Right Wing', 'Left Center Forward', 'Right Attacking Midfield', 'Left Attacking Midfield', 'Left Defensive Midfield', 'Right Defensive Midfield', 'Right Center Midfield', 'Right Center Forward']",29,75,81,5500000.0,30000.0,21,1993-12-19,171,63,21.0,,2019.0,21,Germany,Right,
8827,Matthias Lehmann,FC Köln,186,"['Center Defensive Midfield', 'Right Defensive Midfield', 'Left Defensive Midfield', 'Right Center Midfield']",32,75,75,2400000.0,35000.0,32,1983-05-28,179,75,33.0,,2016.0,21,Germany,Right,
8828,Dominique Heintz,FC Köln,186,"['Left Center Back', 'Left Back']",33,71,80,2200000.0,20000.0,21,1993-08-15,189,87,3.0,,2019.0,21,Germany,Left,
8829,Frederik Hillesborg Sørensen,FC Köln,186,"['Right Center Back', 'Center Back', 'Right Back', 'Right Wing Back']",22,74,80,4000000.0,35000.0,23,1992-04-14,194,88,4.0,,2019.0,13,Denmark,Right,
8831,Lukas Klünter,FC Köln,186,['Right Midfield'],1,58,74,250000.0,2000.0,19,1996-05-26,184,73,24.0,,2017.0,21,Germany,Right,
8883,Johannes van den Bergh,Hertha Berlin,173,"['Left Wing', 'Left Midfield', 'Right Wing', 'Center Forward', 'Center Attacking Midfield']",13,70,70,1000000.0,25000.0,28,1986-11-21,183,75,23.0,,2016.0,21,Germany,Left,
8890,Christoph Moritz,FSV Mainz 05,177,"['Left Defensive Midfield', 'Center Attacking Midfield', 'Right Wing', 'Left Center Midfield']",8,74,77,4100000.0,35000.0,25,1990-01-27,186,80,8.0,,2017.0,21,Germany,Right,
8891,Lewis Harry Holtby,Hamburger SV,171,"['Left Center Midfield', 'Left Defensive Midfield', 'Left Midfield', 'Center Attacking Midfield', 'Right Midfield', 'Center Defensive Midfield', 'Right Defensive Midfield', 'Right Wing', 'Left Wing']",34,76,80,7000000.0,60000.0,24,1990-09-18,176,72,8.0,,2018.0,21,Germany,Left,
8893,David Kinsombi,Eintracht Frankfurt,184,"['Right Center Back', 'Center Back']",1,63,73,425000.0,3000.0,19,1995-12-12,183,74,31.0,,2016.0,21,Germany,Right,
8895,Pierre-Michel Lasogga,Hamburger SV,171,"['Left Center Forward', 'Center Forward', 'Right Center Forward', 'Left Defensive Midfield', 'Center Attacking Midfield', 'Left Wing']",30,76,80,7000000.0,60000.0,23,1991-12-15,189,88,10.0,,2019.0,21,Germany,Right,
8900,Mërgim Mavraj,FC Köln,186,"['Left Center Back', 'Center Back', 'Right Center Back']",11,73,73,2200000.0,30000.0,29,1986-06-09,189,84,19.0,,2017.0,1,Albania,Left,
8918,Roberto Hilbert,Bayer Leverkusen,904,['Right Back'],12,77,77,4800000.0,70000.0,30,1984-10-16,183,83,13.0,,2017.0,21,Germany,Right,
8943,Florian Niederlechner,FSV Mainz 05,177,"['Center Forward', 'Left Center Forward', 'Left Defensive Midfield', 'Center Attacking Midfield']",12,72,77,2900000.0,20000.0,24,1990-10-24,186,86,31.0,,2019.0,21,Germany,Left,
8947,Ron-Robert Zieler,Hannover 96,178,['Goalkeeper'],34,80,82,14000000.0,80000.0,26,1989-02-12,188,83,1.0,,2017.0,21,Germany,Right,
8956,Timo Baumgartl,VfB Stuttgart,174,"['Right Center Back', 'Center Back', 'Left Center Back', 'Left Center Midfield']",19,68,80,1200000.0,7000.0,19,1996-03-04,190,81,5.0,,2020.0,21,Germany,Right,
8958,Dennis Aogo,Schalke 04,181,"['Left Back', 'Left Defensive Midfield', 'Left Center Back', 'Left Wing Back']",23,77,77,5500000.0,90000.0,28,1987-01-14,184,85,15.0,,2017.0,21,Germany,Left,
8959,Christian Gentner,VfB Stuttgart,174,"['Left Defensive Midfield', 'Right Defensive Midfield', 'Right Center Midfield', 'Center Defensive Midfield', 'Left Center Midfield', 'Center Attacking Midfield']",29,78,78,8000000.0,50000.0,29,1985-08-14,189,81,20.0,,2017.0,21,Germany,Right,
8965,Fabian Lustenberger,Hertha Berlin,173,"['Left Center Back', 'Center Back', 'Right Defensive Midfield', 'Left Defensive Midfield', 'Center Defensive Midfield', 'Right Center Back']",30,75,76,3800000.0,40000.0,27,1988-05-02,180,70,28.0,,2017.0,47,Switzerland,Right,
8969,Lars Bender,Bayer Leverkusen,904,"['Right Defensive Midfield', 'Left Defensive Midfield', 'Right Back', 'Right Center Back']",11,82,84,20000000.0,130000.0,26,1989-04-27,185,80,8.0,,2019.0,21,Germany,Right,
9082,Przemysław Tytoń,VfB Stuttgart,174,['Goalkeeper'],30,76,76,4600000.0,60000.0,28,1987-01-04,194,85,22.0,,2017.0,37,Poland,Right,
9088,Danilo Teodoro Soares,Ingolstadt,189,['Left Back'],1,72,77,2400000.0,20000.0,23,1991-10-29,170,72,15.0,,2016.0,54,Brazil,Left,
9097,Sidney Sam,Schalke 04,181,"['Center Attacking Midfield', 'Left Center Midfield']",2,77,78,7500000.0,90000.0,27,1988-01-31,174,68,18.0,,2018.0,21,Germany,Left,
9098,Christian Clemens,FSV Mainz 05,177,"['Right Wing', 'Right Wing Back', 'Right Midfield', 'Left Wing', 'Right Attacking Midfield', 'Center Attacking Midfield']",28,74,78,4300000.0,35000.0,23,1991-08-04,179,80,27.0,FC Schalke 04,2016.0,21,Germany,Right,
9103,Lukas Hinterseer,Ingolstadt,189,"['Center Forward', 'Left Midfield', 'Right Wing', 'Right Center Forward', 'Left Center Forward', 'Left Wing']",28,70,74,1800000.0,20000.0,24,1991-03-28,192,86,16.0,,2016.0,4,Austria,Right,
9106,Marvin Matip,Ingolstadt,189,"['Right Center Back', 'Left Center Back']",33,74,74,2500000.0,30000.0,29,1985-09-25,184,83,34.0,,2017.0,103,Cameroon,Right,
9134,Aleksandar Ignjovski,Eintracht Frankfurt,184,"['Right Back', 'Right Center Midfield', 'Right Defensive Midfield', 'Right Midfield', 'Left Midfield', 'Right Wing Back', 'Right Wing', 'Center Attacking Midfield', 'Left Defensive Midfield']",18,73,76,3100000.0,35000.0,24,1991-01-27,175,70,27.0,,2017.0,51,Serbia,Right,
9140,Luca-Milan Zander,Werder Bremen,176,"['Right Center Midfield', 'Right Back']",2,60,74,350000.0,2000.0,19,1995-08-09,183,73,19.0,,2017.0,21,Germany,Right,
9148,Johannes Flum,Eintracht Frankfurt,184,"['Left Center Forward', 'Left Center Midfield', 'Right Center Midfield', 'Right Defensive Midfield']",5,73,73,2400000.0,45000.0,27,1987-12-14,190,82,18.0,,2016.0,21,Germany,Right,
9174,Marvin Friedrich,Schalke 04,181,"['Center Forward', 'Right Center Back']",2,64,77,675000.0,7000.0,19,1995-12-13,193,78,2.0,,2018.0,21,Germany,Right,
9178,Felix Kroos,Werder Bremen,176,"['Left Center Midfield', 'Center Defensive Midfield', 'Left Defensive Midfield', 'Left Midfield', 'Right Center Midfield', 'Right Defensive Midfield', 'Right Midfield']",8,72,76,2400000.0,20000.0,24,1991-03-12,184,78,18.0,,2017.0,21,Germany,Right,
9216,Slobodan Medojević,Eintracht Frankfurt,184,"['Left Midfield', 'Left Defensive Midfield', 'Center Defensive Midfield', 'Right Defensive Midfield', 'Right Center Midfield', 'Left Center Back', 'Center Attacking Midfield']",12,74,77,3700000.0,35000.0,24,1990-11-20,182,77,25.0,,2017.0,51,Serbia,Right,
9217,Aytac Sulu,Darmstadt 98,872,"['Right Center Back', 'Right Attacking Midfield', 'Center Back']",33,73,73,2200000.0,30000.0,29,1985-12-11,183,80,4.0,,2018.0,21,Germany,Right,
9219,Tobias Kempe,Darmstadt 98,872,"['Right Midfield', 'Right Wing', 'Left Midfield', 'Center Attacking Midfield', 'Left Defensive Midfield', 'Right Center Midfield', 'Left Wing', 'Right Defensive Midfield', 'Left Attacking Midfield']",31,69,73,1300000.0,10000.0,26,1989-06-27,184,77,11.0,,2016.0,21,Germany,Right,
9222,Fabian Holland,Darmstadt 98,872,"['Left Back', 'Left Defensive Midfield', 'Left Midfield', 'Left Wing Back']",18,70,75,1500000.0,20000.0,24,1990-07-11,172,74,32.0,,2017.0,21,Germany,Left,
9224,Sandro Sirigu,Darmstadt 98,872,"['Right Midfield', 'Right Back', 'Right Wing Back', 'Right Wing']",5,66,69,625000.0,7000.0,26,1988-10-07,183,79,21.0,,2017.0,21,Germany,Right,
9257,Lukas Fröde,Werder Bremen,176,"['Right Defensive Midfield', 'Left Center Forward', 'Left Defensive Midfield', 'Left Midfield', 'Center Defensive Midfield', 'Left Center Midfield']",6,59,72,275000.0,2000.0,20,1995-01-23,192,85,39.0,,2017.0,21,Germany,Right,
9262,Philip Heise,VfB Stuttgart,174,"['Left Wing', 'Left Midfield', 'Right Center Back', 'Left Back']",5,70,74,1500000.0,20000.0,24,1991-06-20,184,78,14.0,,2018.0,21,Germany,Left,
9363,André Ramalho Silva,Bayer Leverkusen,904,"['Left Defensive Midfield', 'Left Center Back', 'Right Defensive Midfield', 'Right Center Forward', 'Right Center Back']",19,71,76,1900000.0,25000.0,23,1992-02-16,182,81,2.0,,2019.0,54,Brazil,Right,
9396,Ermin Bičakčić,Hoffenheim,175,"['Right Center Back', 'Left Center Back', 'Center Back', 'Left Back']",21,77,80,7000000.0,50000.0,25,1990-01-24,185,84,4.0,,2017.0,8,Bosnia and Herzegovina,Right,
9397,Pavel Kadeřábek,Hoffenheim,175,"['Right Back', 'Right Center Back', 'Right Wing Back']",28,73,78,3300000.0,35000.0,23,1992-04-25,182,81,3.0,,2019.0,12,Czech Republic,Right,
9398,Nico Schulz,Borussia Mönchengladbach,185,"['Left Midfield', 'Left Center Midfield']",2,72,78,2900000.0,25000.0,22,1993-04-01,180,78,14.0,,2019.0,21,Germany,Left,
9399,Javier Martínez Aginaga,Bayern Munich,169,"['Left Center Midfield', 'Right Center Back', 'Center Back', 'Left Center Back', 'Right Center Midfield', 'Right Defensive Midfield', 'Left Defensive Midfield']",16,84,85,27500000.0,180000.0,26,1988-09-02,190,81,8.0,,2017.0,45,Spain,Right,
9400,Daniel Tawiah Opare,Augsburg,172,"['Right Back', 'Right Wing Back', 'Right Midfield']",4,75,80,4600000.0,35000.0,24,1990-10-18,175,74,4.0,,2018.0,117,Ghana,Right,
9401,Marcel Heller,Darmstadt 98,872,"['Right Midfield', 'Left Midfield', 'Left Wing', 'Right Wing', 'Left Attacking Midfield', 'Center Attacking Midfield']",33,72,72,2000000.0,20000.0,29,1986-02-12,175,70,20.0,,2017.0,21,Germany,Right,
9404,Luca Caldirola,Darmstadt 98,872,"['Left Center Back', 'Left Back', 'Right Center Back']",34,74,78,3800000.0,35000.0,24,1991-02-01,189,79,33.0,SV Werder Bremen,2016.0,27,Italy,Left,
9406,Holger Badstuber,Bayern Munich,169,"['Left Center Back', 'Left Back']",7,80,83,14500000.0,110000.0,26,1989-03-13,190,84,28.0,,2017.0,21,Germany,Left,
9407,Gojko Kačar,Hamburger SV,171,"['Right Defensive Midfield', 'Left Center Back', 'Right Center Midfield', 'Left Defensive Midfield', 'Left Center Midfield', 'Center Attacking Midfield', 'Center Defensive Midfield']",19,72,72,1700000.0,25000.0,28,1987-01-26,185,84,40.0,,2016.0,51,Serbia,Right,
9408,Jan Morávek,Augsburg,172,"['Center Attacking Midfield', 'Right Defensive Midfield', 'Left Center Midfield', 'Right Wing']",11,71,74,2000000.0,20000.0,25,1989-11-01,180,75,14.0,,2017.0,12,Czech Republic,Right,
9409,Daniel Ginczek,VfB Stuttgart,174,"['Left Center Forward', 'Right Center Forward', 'Center Forward']",7,77,81,9500000.0,50000.0,24,1991-04-13,190,87,33.0,,2018.0,21,Germany,Right,
9459,Paweł Olkowski,FC Köln,186,"['Right Back', 'Right Wing Back', 'Right Center Forward', 'Left Center Midfield', 'Center Attacking Midfield', 'Right Midfield']",19,75,79,4300000.0,35000.0,25,1990-02-13,184,76,16.0,,2019.0,37,Poland,Right,
9461,Timm Klose,Wolfsburg,179,"['Left Center Back', 'Center Back']",8,77,79,6500000.0,90000.0,27,1988-05-09,193,87,5.0,,2017.0,47,Switzerland,Right,
9475,Moritz Leitner,Borussia Dortmund,180,"['Right Center Midfield', 'Left Center Midfield', 'Left Defensive Midfield', 'Center Attacking Midfield', 'Right Defensive Midfield']",9,73,78,3800000.0,50000.0,22,1992-12-08,178,70,14.0,,2017.0,21,Germany,Right,
9720,Philipp Ochs,Hoffenheim,175,"['Left Center Midfield', 'Right Attacking Midfield', 'Left Wing Back', 'Left Back', 'Right Center Midfield', 'Left Defensive Midfield', 'Center Attacking Midfield']",13,60,79,350000.0,2000.0,18,1997-04-17,174,73,30.0,,2016.0,21,Germany,Left,
9721,Valentin Stocker,Hertha Berlin,173,"['Left Midfield', 'Right Midfield', 'Right Center Forward', 'Right Wing', 'Left Wing', 'Center Attacking Midfield', 'Left Defensive Midfield']",20,78,80,10000000.0,70000.0,26,1989-04-12,179,72,14.0,,2018.0,47,Switzerland,Left,
9722,Peter Pekarík,Hertha Berlin,173,"['Right Back', 'Right Wing Back']",12,76,76,4000000.0,60000.0,28,1986-10-30,176,70,2.0,,2018.0,43,Slovakia,Right,
9723,Sandro Wagner,Darmstadt 98,872,"['Center Forward', 'Left Center Forward', 'Right Center Forward']",32,69,70,1200000.0,15000.0,27,1987-11-29,194,90,14.0,,2017.0,21,Germany,Right,
9728,Florian Klein,VfB Stuttgart,174,"['Right Back', 'Right Center Back', 'Right Center Midfield', 'Right Midfield', 'Right Wing', 'Right Wing Back']",22,74,74,2600000.0,40000.0,28,1986-11-17,182,72,16.0,,2017.0,4,Austria,Right,
10281,André Schürrle,Wolfsburg,179,"['Left Wing', 'Left Midfield', 'Right Midfield', 'Center Forward', 'Left Center Forward', 'Right Center Midfield', 'Center Attacking Midfield', 'Right Center Forward', 'Left Center Midfield', 'Right Wing']",29,80,83,18000000.0,100000.0,24,1990-11-06,184,74,17.0,,2019.0,21,Germany,Right,
10287,İlkay Gündoğan,Borussia Dortmund,180,"['Right Defensive Midfield', 'Left Center Midfield', 'Right Center Midfield', 'Center Defensive Midfield', 'Right Wing', 'Left Wing', 'Center Attacking Midfield', 'Left Defensive Midfield']",25,82,86,26000000.0,130000.0,24,1990-10-24,180,80,8.0,,2017.0,21,Germany,Right,
10332,Odisseas Vlachodimos,VfB Stuttgart,174,['Goalkeeper'],3,64,76,700000.0,5000.0,21,1994-04-26,191,77,17.0,,2017.0,21,Germany,Right,
10483,Ørjan Håskjold Nyland,Ingolstadt,189,['Goalkeeper'],6,73,78,3300000.0,35000.0,24,1990-09-10,192,90,26.0,,2019.0,36,Norway,Right,
10594,Bas Dost,Wolfsburg,179,"['Center Forward', 'Left Center Forward', 'Right Center Forward', 'Right Attacking Midfield']",22,79,80,12000000.0,120000.0,26,1989-05-31,196,85,12.0,,2017.0,34,Netherlands,Right,
10790,Adelino André Vieira Freitas,Wolfsburg,179,"['Right Back', 'Right Wing', 'Right Midfield', 'Left Midfield', 'Right Center Midfield', 'Left Back']",26,80,80,13000000.0,90000.0,29,1986-01-24,172,73,8.0,,2018.0,38,Portugal,Right,
10822,Sonny Kittel,Eintracht Frankfurt,184,"['Left Center Midfield', 'Left Wing', 'Left Defensive Midfield', 'Center Forward', 'Center Attacking Midfield', 'Right Midfield', 'Right Wing']",8,68,74,1200000.0,8000.0,22,1993-01-06,179,73,28.0,,2016.0,21,Germany,Right,
10896,Marc Stendera,Eintracht Frankfurt,184,"['Left Midfield', 'Left Center Midfield', 'Right Center Forward', 'Right Midfield', 'Right Center Midfield', 'Right Defensive Midfield', 'Left Defensive Midfield', 'Center Attacking Midfield', 'Left Wing']",26,74,84,5000000.0,30000.0,19,1995-12-10,173,73,21.0,,2017.0,21,Germany,Right,
10902,Philipp Hosiner,FC Köln,186,"['Right Center Midfield', 'Left Midfield', 'Left Center Forward', 'Right Center Forward', 'Center Forward', 'Left Wing', 'Right Defensive Midfield']",15,73,76,3600000.0,45000.0,26,1989-05-15,179,79,15.0,Stade Rennais FC,2016.0,4,Austria,Right,
10918,Dušan Švento,FC Köln,186,"['Left Center Midfield', 'Left Center Forward', 'Left Midfield', 'Left Wing', 'Left Wing Back']",7,70,70,1200000.0,20000.0,29,1985-08-01,178,70,29.0,,2016.0,43,Slovakia,Left,
11131,Julian Schieber,Hertha Berlin,173,"['Left Defensive Midfield', 'Right Center Forward', 'Left Center Forward', 'Center Forward', 'Left Midfield', 'Right Wing', 'Left Wing']",6,75,78,5000000.0,50000.0,26,1989-02-13,186,83,16.0,,2018.0,21,Germany,Left,
11134,Konstantin Rausch,Darmstadt 98,872,"['Left Midfield', 'Right Midfield', 'Left Wing', 'Left Back']",31,73,75,3400000.0,35000.0,25,1990-03-15,182,80,34.0,,2016.0,21,Germany,Left,
11278,Karim Onisiwo,FSV Mainz 05,177,"['Left Wing', 'Center Forward', 'Center Attacking Midfield', 'Right Wing', 'Right Center Forward']",9,78,84,10000000.0,40000.0,22,1993-06-22,190,87,1.0,,2018.0,21,Germany,Right,
11283,Fabian Johnson,Borussia Mönchengladbach,185,"['Left Midfield', 'Right Back', 'Left Center Midfield', 'Left Wing', 'Right Midfield', 'Right Center Midfield', 'Left Defensive Midfield', 'Center Defensive Midfield', 'Right Wing Back', 'Left Wing Back', 'Right Wing']",26,76,77,6000000.0,80000.0,27,1987-12-11,183,74,19.0,,2018.0,95,United States,Right,
11285,Ibrahima Traoré,Borussia Mönchengladbach,185,"['Right Midfield', 'Left Midfield', 'Right Wing', 'Right Center Midfield', 'Left Center Midfield', 'Right Center Forward', 'Left Wing Back', 'Left Center Forward', 'Left Wing', 'Right Wing Back']",24,78,80,9500000.0,80000.0,27,1988-04-21,172,61,16.0,,2018.0,118,Guinea,Left,
11286,Dominik Maroh,FC Köln,186,"['Center Back', 'Right Center Back']",25,75,75,3200000.0,40000.0,28,1987-03-04,186,85,5.0,,2018.0,44,Slovenia,Right,
11394,Stefan Kießling,Bayer Leverkusen,904,"['Center Forward', 'Right Center Forward', 'Left Center Forward', 'Center Attacking Midfield', 'Right Wing', 'Left Wing']",30,80,80,12500000.0,80000.0,31,1984-01-25,191,82,11.0,,2017.0,21,Germany,Right,
11395,Lukas Rupp,VfB Stuttgart,174,"['Right Defensive Midfield', 'Right Back', 'Right Center Midfield', 'Left Back', 'Left Defensive Midfield', 'Left Center Midfield', 'Right Midfield', 'Right Wing', 'Center Defensive Midfield']",29,71,75,2100000.0,20000.0,24,1991-01-08,179,73,8.0,,2018.0,21,Germany,Right,
11396,Florian Grillitsch,Werder Bremen,176,"['Right Midfield', 'Right Center Midfield', 'Left Center Midfield', 'Left Midfield', 'Left Defensive Midfield', 'Left Wing', 'Center Defensive Midfield', 'Right Defensive Midfield', 'Center Attacking Midfield']",25,59,72,275000.0,2000.0,19,1995-08-07,187,74,27.0,,2016.0,4,Austria,Right,
11397,Suat Serdar,FSV Mainz 05,177,"['Center Attacking Midfield', 'Left Midfield', 'Right Defensive Midfield', 'Right Wing', 'Left Defensive Midfield']",12,57,74,230000.0,2000.0,18,1997-04-11,183,75,45.0,,2018.0,21,Germany,Right,
11398,Tobias Sippel,Borussia Mönchengladbach,185,['Goalkeeper'],2,73,74,2700000.0,50000.0,27,1988-03-22,180,80,21.0,,2018.0,21,Germany,Right,
11458,Marcel Schmelzer,Borussia Dortmund,180,"['Left Back', 'Left Center Back', 'Left Wing Back', 'Left Midfield']",26,77,78,6500000.0,90000.0,27,1988-01-22,180,72,29.0,,2017.0,21,Germany,Left,
11845,Artur Sobiech,Hannover 96,178,"['Left Center Forward', 'Center Forward', 'Right Center Forward', 'Left Attacking Midfield', 'Center Attacking Midfield', 'Right Center Midfield', 'Left Center Back', 'Center Defensive Midfield', 'Left Center Midfield']",25,73,77,3800000.0,35000.0,25,1990-06-12,185,81,9.0,,2017.0,37,Poland,Right,
12294,Andre Hoffmann,Hannover 96,178,"['Center Defensive Midfield', 'Left Center Back', 'Left Defensive Midfield', 'Right Defensive Midfield']",8,75,80,4700000.0,30000.0,22,1993-02-28,188,84,15.0,,2018.0,21,Germany,Right,
12304,Alfredo Morales,Ingolstadt,189,"['Left Center Midfield', 'Left Midfield', 'Left Defensive Midfield', 'Right Wing', 'Left Wing', 'Right Center Midfield']",24,70,73,1600000.0,20000.0,25,1990-05-12,183,77,6.0,,2018.0,95,United States,Right,
12316,Oliver Sorg,Hannover 96,178,"['Right Back', 'Left Back', 'Right Center Midfield', 'Right Defensive Midfield', 'Left Center Midfield', 'Left Wing', 'Right Center Back']",20,75,77,4000000.0,35000.0,25,1990-05-29,175,69,29.0,,2019.0,21,Germany,Right,
12319,Ramazan Özcan,Ingolstadt,189,['Goalkeeper'],28,71,71,1300000.0,20000.0,31,1984-06-28,187,84,1.0,,2016.0,4,Austria,Right,
12320,Tony Jantschke,Borussia Mönchengladbach,185,"['Right Back', 'Left Center Back', 'Left Defensive Midfield', 'Right Center Back', 'Right Defensive Midfield']",12,80,82,14500000.0,80000.0,25,1990-04-07,177,77,24.0,,2018.0,21,Germany,Right,
12321,Tobias Strobl,Hoffenheim,175,"['Right Center Midfield', 'Left Defensive Midfield', 'Right Defensive Midfield', 'Right Back', 'Right Center Back', 'Center Defensive Midfield', 'Left Center Back', 'Left Back', 'Left Center Midfield']",26,74,76,3400000.0,35000.0,25,1990-05-12,186,77,12.0,,2016.0,21,Germany,Right,
12327,John Anthony Brooks,Hertha Berlin,173,"['Center Forward', 'Right Center Forward', 'Left Center Back']",22,76,85,7000000.0,40000.0,22,1993-01-28,193,78,25.0,,2017.0,95,United States,Left,
12383,Florian Jungwirth,Darmstadt 98,872,"['Right Back', 'Right Defensive Midfield', 'Center Midfield', 'Left Defensive Midfield', 'Right Center Back']",19,69,72,1000000.0,10000.0,26,1989-01-27,181,77,23.0,,2017.0,21,Germany,Right,
12407,Maximilian Mittelstädt,Hertha Berlin,173,"['Left Midfield', 'Right Midfield', 'Left Back']",3,59,75,275000.0,2000.0,18,1997-03-18,178,69,34.0,,2018.0,21,Germany,Left,
12424,Roman Weidenfeller,Borussia Dortmund,180,['Goalkeeper'],1,79,79,6500000.0,80000.0,34,1980-08-06,190,90,1.0,,2016.0,21,Germany,Left,
12551,Max Christiansen,Ingolstadt,189,"['Left Center Midfield', 'Right Center Midfield', 'Right Midfield', 'Right Wing']",18,63,75,450000.0,2000.0,18,1996-09-25,187,84,19.0,,2018.0,21,Germany,Right,
12583,Carlos Armando Gruezo Arboleda,VfB Stuttgart,174,"['Left Defensive Midfield', 'Right Center Midfield']",2,71,78,2000000.0,15000.0,20,1995-04-19,171,67,11.0,,2018.0,57,Ecuador,Right,
12599,Carlos Antonio Ascues Ávila,Wolfsburg,179,['Right Center Back'],1,69,76,1200000.0,15000.0,23,1992-06-19,187,74,6.0,,2018.0,59,Peru,Right,
12624,Anthony Ujah,Werder Bremen,176,"['Right Center Forward', 'Center Forward', 'Left Center Forward', 'Right Wing', 'Left Wing']",32,76,79,7000000.0,60000.0,24,1990-10-14,179,81,21.0,,2019.0,133,Nigeria,Right,
12626,Emiliano Adrián Insúa Zapata,VfB Stuttgart,174,"['Left Back', 'Left Center Back', 'Left Wing Back']",33,79,83,10500000.0,80000.0,26,1989-01-07,180,79,2.0,,2018.0,52,Argentina,Left,
13126,Miiko Martín Albornoz Inola,Hannover 96,178,['Left Back'],23,72,78,2500000.0,20000.0,24,1990-11-30,180,80,3.0,,2017.0,55,Chile,Left,
13206,Erik Durm,Borussia Dortmund,180,"['Left Wing', 'Left Back', 'Right Wing', 'Right Wing Back', 'Right Back', 'Left Wing Back']",14,76,82,6000000.0,80000.0,23,1992-05-12,183,72,37.0,,2019.0,21,Germany,Right,
13291,Joelinton Cassio Apolinário de Lira,Hoffenheim,175,['Center Attacking Midfield'],1,61,71,325000.0,2000.0,18,1996-08-14,187,78,40.0,,2020.0,54,Brazil,Right,
13319,Niko Bungert,FSV Mainz 05,177,"['Right Center Back', 'Center Back', 'Right Defensive Midfield', 'Left Center Back']",20,77,77,5500000.0,60000.0,28,1986-10-24,188,75,26.0,,2016.0,21,Germany,Right,
13332,Romain Brégerie,Ingolstadt,189,"['Center Forward', 'Right Center Back', 'Left Center Back', 'Center Defensive Midfield', 'Right Defensive Midfield', 'Left Wing', 'Left Center Midfield']",21,73,73,2300000.0,40000.0,28,1986-08-09,190,88,18.0,,2018.0,18,France,Right,
13370,Zoltán Stieber,Hamburger SV,171,['Right Wing'],1,73,76,3500000.0,40000.0,26,1988-10-16,175,67,17.0,,2017.0,23,Hungary,Left,
13675,Mario Vrančić,Darmstadt 98,872,"['Center Attacking Midfield', 'Right Defensive Midfield', 'Left Center Midfield', 'Left Midfield', 'Right Center Midfield', 'Left Defensive Midfield']",22,71,74,2000000.0,25000.0,26,1989-05-23,187,78,6.0,,2017.0,8,Bosnia and Herzegovina,Left,
15146,Mike-Steven Bähre,Hannover 96,178,['Right Wing'],1,59,73,325000.0,2000.0,19,1995-08-10,179,70,33.0,,2018.0,21,Germany,Right,
15581,Bernd Leno,Bayer Leverkusen,904,['Goalkeeper'],33,84,88,32500000.0,130000.0,23,1992-03-04,190,82,1.0,,2018.0,21,Germany,Right,
15651,Juan Bernat Velasco,Bayern Munich,169,"['Left Center Back', 'Left Back', 'Left Midfield', 'Left Wing Back']",16,79,83,11000000.0,90000.0,22,1993-03-01,170,67,18.0,,2019.0,45,Spain,Left,
16534,Roman Neustädter,Schalke 04,181,"['Left Center Back', 'Right Center Forward', 'Left Defensive Midfield', 'Right Center Back', 'Right Defensive Midfield', 'Center Defensive Midfield', 'Center Back']",30,75,76,3800000.0,60000.0,27,1988-02-18,190,83,33.0,,2016.0,21,Germany,Right,
17313,Thomas Kraft,Hertha Berlin,173,['Goalkeeper'],6,76,78,5000000.0,60000.0,26,1988-07-22,187,78,1.0,,2017.0,21,Germany,Right,
18399,Gaëtan Bussmann,FSV Mainz 05,177,"['Left Back', 'Left Center Back', 'Left Wing Back']",13,70,73,1600000.0,20000.0,25,1989-12-07,179,76,6.0,,2018.0,21,Germany,Right,
19289,Ivica Olić,Hamburger SV,171,"['Right Center Forward', 'Left Wing', 'Left Midfield', 'Left Center Forward', 'Right Wing', 'Center Forward']",9,76,76,2100000.0,40000.0,35,1979-09-14,182,85,11.0,,2016.0,10,Croatia,Left,
19295,Philipp Lahm,Bayern Munich,169,"['Right Back', 'Center Defensive Midfield', 'Right Center Midfield', 'Right Wing Back', 'Right Center Back', 'Right Midfield', 'Left Back', 'Right Defensive Midfield']",26,87,87,29500000.0,190000.0,31,1983-11-11,170,66,21.0,,2018.0,21,Germany,Right,
19836,Kevin Kuranyi,Hoffenheim,175,"['Right Center Forward', 'Left Center Forward', 'Center Forward']",14,79,79,7000000.0,45000.0,33,1982-03-02,190,88,22.0,,2016.0,21,Germany,Right,
20010,Clemens Fritz,Werder Bremen,176,"['Right Midfield', 'Right Center Midfield', 'Right Defensive Midfield', 'Left Center Midfield', 'Center Defensive Midfield', 'Right Back', 'Left Defensive Midfield']",29,73,73,1400000.0,25000.0,34,1980-12-07,183,81,8.0,,2016.0,21,Germany,Right,
20027,Mevlüt Erdinç,Hannover 96,178,"['Center Forward', 'Left Center Forward', 'Left Attacking Midfield', 'Right Center Forward']",11,76,76,5500000.0,70000.0,28,1987-02-25,181,84,39.0,,2018.0,48,Turkey,Right,
20037,Julian Baumgartlinger,FSV Mainz 05,177,"['Right Defensive Midfield', 'Left Defensive Midfield', 'Right Center Midfield']",31,76,77,4900000.0,60000.0,27,1988-01-02,183,82,14.0,,2019.0,4,Austria,Right,
20133,Xabier Alonso Olano,Bayern Munich,169,"['Center Defensive Midfield', 'Center Back', 'Left Defensive Midfield', 'Right Defensive Midfield', 'Left Center Midfield']",26,84,84,13000000.0,140000.0,33,1981-11-25,183,80,14.0,,2016.0,45,Spain,Right,
20200,Nicklas Bendtner,Wolfsburg,179,"['Center Forward', 'Right Center Forward', 'Left Center Forward', 'Left Midfield', 'Left Defensive Midfield']",13,75,76,4700000.0,70000.0,27,1988-01-16,194,89,3.0,,2017.0,13,Denmark,Right,
20355,Tomáš Pekhart,Ingolstadt,189,"['Center Forward', 'Left Center Forward']",4,67,68,850000.0,10000.0,26,1989-05-26,194,93,11.0,,2017.0,12,Czech Republic,Right,
20415,Sebastian Boenisch,Bayer Leverkusen,904,"['Left Back', 'Right Back', 'Left Center Back']",8,71,71,1300000.0,35000.0,28,1987-02-01,191,90,17.0,,2016.0,37,Poland,Right,
20485,Almog Cohen,Ingolstadt,189,"['Left Defensive Midfield', 'Left Wing', 'Left Center Midfield', 'Center Forward', 'Right Center Midfield', 'Right Wing', 'Center Attacking Midfield', 'Center Defensive Midfield', 'Right Defensive Midfield']",20,70,71,1300000.0,25000.0,26,1988-09-01,170,71,36.0,,2016.0,26,Israel,Right,
20499,Martin Stranzl,Borussia Mönchengladbach,185,['Right Center Back'],3,81,81,2900000.0,60000.0,35,1980-06-16,191,83,39.0,,2016.0,4,Austria,Right,
20522,György Garics,Darmstadt 98,872,['Right Back'],21,72,72,1300000.0,20000.0,31,1984-03-08,183,76,13.0,,2017.0,4,Austria,Right,
20871,Pierre Bengtsson,FSV Mainz 05,177,"['Left Back', 'Left Center Back', 'Center Forward']",16,73,74,2600000.0,40000.0,27,1988-04-12,177,77,7.0,,2018.0,46,Sweden,Left,
20959,Maurice Multhaup,Ingolstadt,189,"['Left Midfield', 'Center Forward', 'Left Wing', 'Right Wing']",4,74,74,2500000.0,30000.0,29,1985-09-25,184,83,34.0,,2017.0,103,Cameroon,Right,
21156,Stefan Aigner,Eintracht Frankfurt,184,"['Right Midfield', 'Center Attacking Midfield', 'Left Center Forward', 'Right Center Forward', 'Right Wing', 'Left Wing', 'Right Center Midfield']",31,77,77,7000000.0,60000.0,27,1987-08-20,183,73,16.0,,2018.0,21,Germany,Right,
21168,Marlon Frey,Bayer Leverkusen,904,"['Left Defensive Midfield', 'Right Defensive Midfield', 'Right Back']",9,61,74,350000.0,4000.0,19,1996-03-24,181,78,37.0,,2017.0,21,Germany,Right,
22043,Ulisses Alexandre Garcia Lopes,Werder Bremen,176,"['Left Back', 'Left Center Midfield', 'Left Midfield', 'Left Defensive Midfield']",11,61,77,425000.0,3000.0,19,1996-01-11,185,78,20.0,,2018.0,47,Switzerland,Left,
22824,Sebastian Rode,Bayern Munich,169,"['Left Center Midfield', 'Right Center Midfield', 'Right Midfield', 'Right Defensive Midfield', 'Left Defensive Midfield', 'Center Defensive Midfield', 'Center Attacking Midfield']",15,79,82,11000000.0,90000.0,24,1990-10-11,179,73,20.0,,2018.0,21,Germany,Right,
22826,Jan-Ingwer Callsen-Bracker,Augsburg,172,"['Right Center Back', 'Right Defensive Midfield', 'Center Attacking Midfield', 'Left Defensive Midfield']",10,74,74,2400000.0,30000.0,30,1984-09-23,188,88,18.0,,2017.0,21,Germany,Right,
23198,Michael Zetterer,Werder Bremen,176,['Substitute'],1,61,74,350000.0,3000.0,19,1995-07-12,187,79,30.0,,2018.0,21,Germany,Right,
23242,Tim Dierßen,Hannover 96,178,['Center Attacking Midfield'],1,61,76,475000.0,4000.0,19,1996-01-15,172,64,34.0,,2017.0,21,Germany,Right,
23266,Christian Träsch,Wolfsburg,179,"['Left Defensive Midfield', 'Right Back', 'Right Defensive Midfield', 'Right Center Back']",29,76,76,4200000.0,90000.0,27,1987-09-01,180,75,15.0,,2018.0,21,Germany,Right,
23267,Paul Seguin,Wolfsburg,179,"['Right Center Midfield', 'Center Attacking Midfield', 'Right Defensive Midfield', 'Right Back']",4,62,72,400000.0,5000.0,20,1995-03-29,186,79,30.0,,2017.0,21,Germany,Right,
23268,Alexander Meier,Eintracht Frankfurt,184,"['Center Attacking Midfield', 'Left Center Forward', 'Right Center Forward', 'Center Forward', 'Left Center Midfield']",19,79,79,8500000.0,60000.0,32,1983-01-17,196,96,14.0,,2017.0,21,Germany,Right,
23269,Felix Wiedwald,Werder Bremen,176,['Goalkeeper'],34,74,79,3700000.0,35000.0,25,1990-03-15,190,82,42.0,,2017.0,21,Germany,Right,
23486,Anthony Modeste,FC Köln,186,"['Center Forward', 'Right Center Forward', 'Left Center Forward']",34,78,79,9500000.0,70000.0,27,1988-04-14,187,84,27.0,,2019.0,18,France,Right,
23499,Jaroslav Drobný,Hamburger SV,171,['Goalkeeper'],10,76,76,3100000.0,35000.0,35,1979-10-18,192,90,1.0,,2017.0,12,Czech Republic,Right,
24117,Christoph Janker,Augsburg,172,"['Right Defensive Midfield', 'Left Defensive Midfield', 'Center Defensive Midfield', 'Left Center Back']",11,67,67,525000.0,8000.0,30,1985-02-14,185,77,16.0,,2016.0,21,Germany,Right,
24244,Uffe Manich Bech,Hannover 96,178,"['Right Midfield', 'Right Wing', 'Center Attacking Midfield', 'Left Center Midfield', 'Left Midfield', 'Right Center Midfield', 'Left Wing']",11,71,76,2200000.0,20000.0,22,1993-01-13,170,75,17.0,,2019.0,13,Denmark,Left,
24324,Gustavo Adrián Ramos Vásquez,Borussia Dortmund,180,"['Center Forward', 'Left Wing', 'Right Center Midfield', 'Right Wing', 'Right Center Forward', 'Left Center Midfield', 'Left Center Forward', 'Left Midfield', 'Right Midfield']",27,78,78,8500000.0,80000.0,29,1986-01-22,185,75,20.0,,2018.0,56,Colombia,Right,
24428,Vladlen Yurchenko,Bayer Leverkusen,904,"['Right Center Forward', 'Left Wing', 'Left Center Forward', 'Left Defensive Midfield', 'Right Defensive Midfield', 'Center Attacking Midfield', 'Right Midfield']",7,62,71,450000.0,5000.0,21,1994-01-22,181,75,35.0,,2016.0,49,Ukraine,Right,
24740,Ivo Iličević,Hamburger SV,171,"['Left Midfield', 'Left Wing', 'Right Center Midfield', 'Left Defensive Midfield', 'Right Wing', 'Left Center Midfield']",31,74,74,3200000.0,45000.0,28,1986-11-14,174,63,7.0,,2016.0,10,Croatia,Right,
24914,Edgar Prib,Hannover 96,178,"['Center Attacking Midfield', 'Left Midfield', 'Right Midfield', 'Left Wing', 'Left Center Midfield', 'Right Wing', 'Left Back', 'Right Center Midfield', 'Left Defensive Midfield']",20,75,78,5000000.0,35000.0,25,1989-12-15,180,77,7.0,,2017.0,21,Germany,Left,
25002,Thomas Kessler,FC Köln,186,['Goalkeeper'],1,69,69,875000.0,10000.0,29,1986-01-20,197,92,18.0,,2016.0,21,Germany,Right,
25003,Sascha Riether,Schalke 04,181,"['Right Back', 'Right Defensive Midfield', 'Right Wing Back', 'Right Center Back', 'Right Wing']",17,72,72,1200000.0,35000.0,32,1983-03-23,174,70,27.0,,2016.0,21,Germany,Right,
26359,Santiago García,Werder Bremen,176,"['Left Back', 'Left Wing Back', 'Left Center Back']",29,74,75,3200000.0,40000.0,26,1988-07-08,191,80,2.0,,2017.0,52,Argentina,Left,
26677,Álvaro Domínguez Soto,Borussia Mönchengladbach,185,['Left Center Back'],6,78,81,8500000.0,80000.0,26,1989-05-15,189,83,15.0,,2017.0,45,Spain,Left,
26790,Piotr Trochowski,Augsburg,172,"['Right Defensive Midfield', 'Left Center Midfield', 'Center Attacking Midfield']",5,75,75,3400000.0,35000.0,31,1984-03-22,169,72,15.0,,2016.0,21,Germany,Right,
26791,Emir Spahić,Hamburger SV,171,['Left Center Back'],26,79,79,3100000.0,40000.0,34,1980-08-18,186,81,4.0,,2016.0,8,Bosnia and Herzegovina,Left,
26832,Tarik Elyounoussi,Hoffenheim,175,"['Right Midfield', 'Left Midfield', 'Center Forward', 'Left Wing Back', 'Left Center Midfield', 'Left Back']",6,75,76,4500000.0,40000.0,27,1988-02-23,172,66,14.0,,2017.0,36,Norway,Right,
27317,Eduardo Jesús Vargas Rojas,Hoffenheim,175,"['Right Midfield', 'Left Center Forward', 'Center Forward', 'Left Wing Back', 'Right Center Forward', 'Left Wing', 'Center Attacking Midfield', 'Right Center Midfield', 'Right Wing']",24,78,82,10500000.0,50000.0,25,1989-11-20,175,70,9.0,,2019.0,55,Chile,Right,
27341,Marcelo Alfonso Díaz Rojas,Hamburger SV,171,"['Left Midfield', 'Left Defensive Midfield', 'Left Center Midfield', 'Center Defensive Midfield', 'Right Defensive Midfield']",11,74,74,3200000.0,40000.0,28,1986-12-30,166,63,21.0,,2017.0,55,Chile,Right,
28571,Oliver Hüsing,Werder Bremen,176,['Left Center Back'],1,59,67,200000.0,2000.0,22,1993-02-17,193,88,25.0,,2017.0,21,Germany,Right,
28601,Marvin Wanitzek,VfB Stuttgart,174,['Right Defensive Midfield'],1,61,71,375000.0,4000.0,22,1993-05-07,179,77,28.0,,2017.0,21,Germany,Right,
28976,Francisco José Rodriguez Araya,Wolfsburg,179,['Right Defensive Midfield'],1,65,78,925000.0,7000.0,19,1995-09-14,176,76,35.0,,2018.0,47,Switzerland,Right,
29245,Marvin Schulz,Borussia Mönchengladbach,185,"['Right Center Back', 'Left Center Back', 'Center Attacking Midfield', 'Right Defensive Midfield', 'Center Defensive Midfield', 'Left Defensive Midfield', 'Left Wing Back']",8,61,73,375000.0,4000.0,20,1995-01-15,186,77,18.0,,2018.0,21,Germany,Right,
30287,Ceyhun Gülselam,Hannover 96,178,"['Center Attacking Midfield', 'Right Defensive Midfield', 'Right Center Forward', 'Left Center Back', 'Right Center Back', 'Left Defensive Midfield', 'Center Defensive Midfield']",13,71,72,1500000.0,25000.0,27,1987-12-25,192,88,6.0,,2016.0,48,Turkey,Right,
30312,Uilson de Souza Paula Júnior,Schalke 04,181,"['Right Back', 'Right Center Back', 'Right Wing', 'Right Wing Back']",23,76,79,5500000.0,90000.0,26,1989-04-27,172,62,3.0,,2018.0,54,Brazil,Right,
30439,Tolga Ciğerci,Hertha Berlin,173,"['Left Defensive Midfield', 'Right Midfield', 'Center Attacking Midfield', 'Left Midfield', 'Right Wing', 'Left Wing', 'Right Center Midfield', 'Left Center Midfield']",18,74,78,4300000.0,35000.0,23,1992-03-23,185,80,17.0,,2017.0,48,Turkey,Right,
30551,Gonzalo Alejandro Jara Reyes,FSV Mainz 05,177,"['Left Back', 'Left Defensive Midfield', 'Center Attacking Midfield']",6,71,71,1200000.0,20000.0,29,1985-08-29,178,78,2.0,,2016.0,55,Chile,Right,
30847,Jiloan Hamad,Hoffenheim,175,"['Center Attacking Midfield', 'Left Defensive Midfield', 'Center Forward', 'Left Center Forward', 'Right Center Midfield']",7,71,74,2100000.0,20000.0,24,1990-11-06,173,72,11.0,,2017.0,46,Sweden,Right,
31437,Andreas Hirzel,Hamburger SV,171,['Goalkeeper'],1,56,63,120000.0,2000.0,22,1993-03-25,190,89,38.0,,2018.0,47,Switzerland,Right,
33459,Alexander Baumjohann,Hertha Berlin,173,"['Left Center Forward', 'Right Defensive Midfield', 'Right Center Forward', 'Center Attacking Midfield', 'Center Forward', 'Left Wing', 'Right Wing']",24,73,73,2900000.0,50000.0,28,1987-01-23,178,75,9.0,,2016.0,21,Germany,Right,
34558,Sereso Geoffroy Gonzaroua Dié,VfB Stuttgart,174,"['Left Defensive Midfield', 'Center Defensive Midfield', 'Right Defensive Midfield', 'Right Center Midfield', 'Left Midfield']",23,75,75,2900000.0,30000.0,30,1984-11-07,179,77,26.0,,2017.0,108,Côte d'Ivoire,Right,
35496,Jan Kliment,VfB Stuttgart,174,"['Right Center Forward', 'Left Center Forward', 'Center Attacking Midfield', 'Right Center Midfield', 'Left Wing', 'Right Wing', 'Right Midfield']",8,68,77,1400000.0,8000.0,21,1993-09-01,185,76,39.0,,2019.0,12,Czech Republic,Right,
36359,Carlos Augusto Zambrano Ochandarte,Eintracht Frankfurt,184,"['Right Center Back', 'Left Center Back']",24,77,79,7000000.0,50000.0,25,1989-07-10,185,83,5.0,,2020.0,59,Peru,Right,
36641,Konstantin Engel,Ingolstadt,189,"['Left Back', 'Right Center Midfield', 'Left Center Midfield']",4,67,67,600000.0,10000.0,26,1988-07-27,179,79,20.0,,2016.0,165,Kazakhstan,Right,
37112,Mitchell James Langerak,VfB Stuttgart,174,['Goalkeeper'],2,74,77,3500000.0,45000.0,26,1988-08-22,193,81,1.0,,2018.0,195,Australia,Right,
37972,Jens Grahl,Hoffenheim,175,['Goalkeeper'],1,70,73,1400000.0,25000.0,26,1988-09-22,193,93,13.0,,2016.0,21,Germany,Right,
38172,Toni Šunjić,VfB Stuttgart,174,"['Right Center Back', 'Center Back', 'Right Defensive Midfield', 'Left Center Back']",19,75,78,4200000.0,40000.0,26,1988-12-15,193,84,4.0,,2018.0,8,Bosnia and Herzegovina,Right,
38524,Hiroshi Kiyotake,Hannover 96,178,"['Left Attacking Midfield', 'Center Attacking Midfield', 'Right Midfield', 'Right Defensive Midfield', 'Center Forward', 'Left Center Forward', 'Left Midfield', 'Left Defensive Midfield', 'Right Center Forward', 'Left Center Midfield', 'Right Center Midfield']",21,64,72,550000.0,5000.0,22,1993-05-30,175,69,23.0,,2017.0,21,Germany,Right,
40459,Roger de Oliveira Bernardo,Ingolstadt,189,"['Center Defensive Midfield', 'Right Defensive Midfield', 'Left Defensive Midfield', 'Left Center Back', 'Right Center Back']",29,72,72,1600000.0,20000.0,29,1985-08-10,184,86,8.0,,2017.0,54,Brazil,Right,
40460,Tobias Levels,Ingolstadt,189,"['Right Back', 'Left Back']",16,68,68,650000.0,10000.0,28,1986-11-22,185,80,28.0,,2016.0,21,Germany,Right,
40462,Halil Altıntop,Augsburg,172,"['Center Attacking Midfield', 'Center Forward', 'Right Center Forward', 'Right Defensive Midfield']",19,76,76,4100000.0,60000.0,32,1982-12-08,186,75,7.0,,2017.0,48,Turkey,Right,
40463,Stefan Lex,Ingolstadt,189,"['Left Midfield', 'Right Wing', 'Left Center Forward', 'Left Wing', 'Center Forward', 'Right Midfield', 'Center Defensive Midfield']",20,69,72,1300000.0,10000.0,25,1989-11-27,178,74,14.0,,2018.0,21,Germany,Right,
40464,Moritz Hartmann,Ingolstadt,189,"['Right Wing', 'Right Midfield', 'Left Wing', 'Center Forward', 'Right Center Forward']",30,68,68,825000.0,9000.0,29,1986-06-20,183,77,9.0,,2017.0,21,Germany,Right,
40467,Peter Niemeyer,Darmstadt 98,872,"['Left Defensive Midfield', 'Right Defensive Midfield', 'Center Midfield', 'Center Defensive Midfield', 'Right Center Midfield']",31,70,70,875000.0,20000.0,31,1983-11-22,191,83,18.0,,2018.0,21,Germany,Right,
40468,Cleber Janderson Pereira Reis,Hamburger SV,171,"['Right Center Back', 'Center Defensive Midfield', 'Left Center Back', 'Left Defensive Midfield', 'Left Wing', 'Right Defensive Midfield', 'Left Center Forward']",23,74,79,3900000.0,35000.0,24,1990-12-05,183,87,3.0,,2018.0,54,Brazil,Right,
40469,Marcel Schäfer,Wolfsburg,179,"['Left Back', 'Left Midfield', 'Left Center Back', 'Left Defensive Midfield', 'Left Wing', 'Left Center Midfield']",21,75,75,2600000.0,50000.0,31,1984-06-07,184,75,4.0,,2017.0,21,Germany,Left,
40470,Georg Niedermeier,VfB Stuttgart,174,"['Left Center Back', 'Left Midfield', 'Left Back', 'Right Center Back']",18,72,72,1600000.0,20000.0,29,1986-02-26,190,80,6.0,,2016.0,21,Germany,Right,
40473,Artoms Rudņevs,Hamburger SV,171,"['Center Forward', 'Left Center Forward', 'Center Attacking Midfield']",11,72,73,2400000.0,25000.0,27,1988-01-13,183,81,16.0,,2016.0,28,Latvia,Right,
40474,Jens Hegeler,Hertha Berlin,173,"['Left Center Midfield', 'Right Midfield', 'Center Forward', 'Left Center Forward', 'Right Center Back', 'Left Midfield', 'Center Attacking Midfield', 'Left Defensive Midfield', 'Right Defensive Midfield']",15,74,75,3700000.0,45000.0,27,1988-01-22,193,86,13.0,,2017.0,21,Germany,Right,
40477,Jan Rosenthal,Darmstadt 98,872,"['Center Attacking Midfield', 'Right Center Midfield', 'Right Center Forward', 'Left Defensive Midfield', 'Right Midfield', 'Right Wing']",23,71,71,1600000.0,25000.0,29,1986-04-07,186,73,10.0,,2017.0,21,Germany,Right,
40479,Janek Sternberg,Werder Bremen,176,"['Left Midfield', 'Left Back', 'Left Wing Back', 'Left Center Back']",9,63,72,450000.0,4000.0,22,1992-10-19,181,78,37.0,,2017.0,21,Germany,Left,
40480,Markus Feulner,Augsburg,172,"['Left Back', 'Right Wing', 'Right Defensive Midfield', 'Center Attacking Midfield', 'Left Wing', 'Right Back', 'Substitute', 'Left Defensive Midfield']",19,74,74,2100000.0,25000.0,33,1982-02-12,183,82,8.0,,2016.0,21,Germany,Right,
40481,Dominik Stroh-Engel,Darmstadt 98,872,"['Center Forward', 'Center Attacking Midfield', 'Left Center Midfield', 'Right Midfield', 'Left Center Forward', 'Right Center Forward']",15,70,70,1300000.0,20000.0,29,1985-11-27,195,91,9.0,,2017.0,21,Germany,Right,
40483,Benjamin Gorka,Darmstadt 98,872,"['Left Defensive Midfield', 'Center Defensive Midfield', 'Right Wing']",4,67,67,475000.0,8000.0,31,1984-04-15,196,95,5.0,,2017.0,21,Germany,Left,
42301,Maximilian Beister,FSV Mainz 05,177,['Left Wing'],1,74,78,4300000.0,35000.0,24,1990-09-06,180,81,11.0,,2018.0,21,Germany,Left,
42462,Alexander Manninger,Augsburg,172,['Goalkeeper'],2,72,72,350000.0,15000.0,38,1977-06-04,189,85,1.0,,2016.0,4,Austria,Right,
43055,Arianit Ferati,VfB Stuttgart,174,"['Left Midfield', 'Left Defensive Midfield', 'Left Center Midfield', 'Right Center Midfield']",3,58,77,250000.0,2000.0,17,1997-09-07,168,71,31.0,,2016.0,21,Germany,Left,
49010,Valmir Sulejmani,Hannover 96,178,"['Right Wing', 'Left Wing', 'Left Center Midfield', 'Right Center Forward']",4,62,75,500000.0,4000.0,19,1996-02-01,184,74,38.0,,2017.0,219,Kosovo,Left,
49081,Sascha Mölders,Augsburg,172,"['Right Defensive Midfield', 'Center Forward', 'Left Wing', 'Left Center Forward', 'Center Attacking Midfield']",4,71,71,1600000.0,20000.0,30,1985-03-20,187,82,33.0,,2017.0,21,Germany,Left,
51388,Assani Lukimya-Mulongoti,Werder Bremen,176,"['Right Center Back', 'Right Back']",12,73,73,2200000.0,30000.0,29,1986-01-25,190,89,5.0,,2017.0,110,Congo DR,Right,
108336,Júnior Enrique Díaz Campbell,Darmstadt 98,872,"['Left Back', 'Center Attacking Midfield']",12,73,73,1800000.0,30000.0,31,1983-09-12,185,76,15.0,,2017.0,72,Costa Rica,Left,
155655,Václav Kadlec,Eintracht Frankfurt,184,"['Center Attacking Midfield', 'Left Center Forward', 'Right Defensive Midfield', 'Left Midfield']",5,72,77,2900000.0,20000.0,23,1992-05-20,181,77,10.0,,2017.0,12,Czech Republic,Right,
352950,Florian Kohls,Hertha Berlin,173,['Left Center Midfield'],1,56,68,180000.0,2000.0,20,1995-04-03,173,69,31.0,,2017.0,21,Germany,Right,
400612,Marco Sailer,Darmstadt 98,872,"['Center Attacking Midfield', 'Right Midfield', 'Right Center Forward', 'Left Defensive Midfield']",14,67,67,700000.0,9000.0,29,1985-11-16,171,77,7.0,,2016.0,21,Germany,Right,
400613,Leon Andreasen,Hannover 96,178,"['Right Defensive Midfield', 'Left Defensive Midfield', 'Right Attacking Midfield', 'Right Center Midfield', 'Right Wing', 'Left Center Midfield', 'Right Midfield', 'Center Attacking Midfield']",15,76,76,3100000.0,50000.0,32,1983-04-23,188,81,2.0,,2016.0,13,Denmark,Right,
400614,Christian Schulz,Hannover 96,178,"['Left Center Back', 'Center Defensive Midfield']",25,75,75,2400000.0,35000.0,32,1983-04-01,185,80,19.0,,2016.0,21,Germany,Left,
400619,Stefan Reinartz,Eintracht Frankfurt,184,"['Left Defensive Midfield', 'Left Center Midfield', 'Center Defensive Midfield', 'Right Center Midfield']",15,78,80,8500000.0,60000.0,26,1989-01-01,189,87,7.0,,2017.0,21,Germany,Right,
400620,Tobias Werner,Augsburg,172,"['Left Wing', 'Left Midfield', 'Left Defensive Midfield', 'Left Center Midfield', 'Right Wing', 'Center Attacking Midfield', 'Right Midfield']",13,74,74,3100000.0,35000.0,29,1985-07-19,174,70,13.0,,2017.0,21,Germany,Left,
400621,Tohouri Zahoui Constant Djakpa,Eintracht Frankfurt,184,"['Left Back', 'Left Wing Back', 'Left Midfield', 'Left Wing']",11,75,75,3100000.0,40000.0,28,1986-10-17,177,74,15.0,,2016.0,108,Côte d'Ivoire,Left,
400622,Joel Gerezgiher,Eintracht Frankfurt,184,['Left Midfield'],3,60,72,300000.0,2000.0,19,1995-10-09,176,71,32.0,,2018.0,21,Germany,Right,
400623,Ronny Heberson Furtado de Araújo,Hertha Berlin,173,"['Right Wing', 'Center Forward']",1,72,72,2000000.0,25000.0,29,1986-05-11,175,74,12.0,,2017.0,54,Brazil,Left,
400627,Dario Kresic,Bayer Leverkusen,904,['Goalkeeper'],1,68,68,675000.0,10000.0,31,1984-01-11,196,96,25.0,,2016.0,10,Croatia,Right,
400654,Roel Brouwers,Borussia Mönchengladbach,185,"['Right Center Back', 'Left Center Back', 'Right Defensive Midfield', 'Center Back']",8,76,76,2300000.0,50000.0,33,1981-11-28,192,82,4.0,,2016.0,34,Netherlands,Right,
400805,Stefan Wannenwetsch,Ingolstadt,189,"['Left Center Midfield', 'Center Forward']",1,63,69,400000.0,4000.0,23,1992-01-19,177,71,22.0,,2016.0,21,Germany,Right,
400873,Mustafa Batuhan Altıntaş,Hamburger SV,171,['Center Forward'],1,63,76,600000.0,4000.0,19,1996-03-14,187,76,33.0,,2017.0,48,Turkey,Left,
400983,Devante James Parker,FSV Mainz 05,177,['Left Wing'],1,62,76,575000.0,3000.0,19,1996-03-16,177,66,29.0,,2017.0,21,Germany,Right,
401376,Özkan Yıldırım,Werder Bremen,176,['Right Wing'],1,68,77,1300000.0,8000.0,22,1993-04-10,173,73,17.0,,2016.0,21,Germany,Left,
401501,David Yelldell,Bayer Leverkusen,904,['Goalkeeper'],1,65,65,375000.0,5000.0,33,1981-10-01,194,92,22.0,,2016.0,95,United States,Right,
